"result_id","cdm_name","group_name","group_level","strata_name","strata_level","variable_name","variable_level","estimate_name","estimate_type","estimate_value","additional_name","additional_level"
1,"Barts Health","overall","overall","overall","overall","snapshot_date",NA,"value","date","2024-05-15","overall","overall"
1,"Barts Health","overall","overall","overall","overall","person_count",NA,"count","integer","10000","overall","overall"
1,"Barts Health","overall","overall","overall","overall","observation_period_count",NA,"count","integer","7834","overall","overall"
1,"Barts Health","overall","overall","overall","overall","cdm",NA,"source_name","character","Barts Health Data Warehouse","overall","overall"
1,"Barts Health","overall","overall","overall","overall","vocabulary",NA,"version","character","v5.0 29-FEB-24","overall","overall"
1,"Barts Health","overall","overall","overall","overall","cdm",NA,"version","character","5.3","overall","overall"
1,"Barts Health","overall","overall","overall","overall","cdm",NA,"holder_name","character","Barts Health NHS Trust","overall","overall"
1,"Barts Health","overall","overall","overall","overall","cdm",NA,"release_date","character","2022-05-11","overall","overall"
1,"Barts Health","overall","overall","overall","overall","cdm",NA,"description","character","EDW OMOP Research","overall","overall"
1,"Barts Health","overall","overall","overall","overall","cdm",NA,"documentation_reference","character",NA,"overall","overall"
1,"Barts Health","overall","overall","overall","overall","cdm",NA,"source_type","character","sql server","overall","overall"
1,NA,"overall","overall","overall","overall","settings",NA,"result_type","character","cdm_snapshot","overall","overall"
1,NA,"overall","overall","overall","overall","settings",NA,"min_cell_count","integer","8","overall","overall"
