"result_id","cdm_name","group_name","group_level","strata_name","strata_level","variable_name","variable_level","estimate_name","estimate_type","estimate_value","additional_name","additional_level"
1,"Barts Health","omop_table","observation_period","overall","overall","number_records",NA,"count","integer","7834","overall","overall"
1,"Barts Health","omop_table","observation_period","overall","overall","number_subjects",NA,"count","integer","7834","overall","overall"
1,"Barts Health","omop_table","observation_period","overall","overall","records_per_person",NA,"mean","numeric","0.7834","overall","overall"
1,"Barts Health","omop_table","observation_period","overall","overall","records_per_person",NA,"sd","numeric","0.41194831003539","overall","overall"
1,"Barts Health","omop_table","observation_period","overall","overall","records_per_person",NA,"median","integer","1","overall","overall"
1,"Barts Health","omop_table","observation_period","overall","overall","records_per_person",NA,"q25","integer","1","overall","overall"
1,"Barts Health","omop_table","observation_period","overall","overall","records_per_person",NA,"q75","integer","1","overall","overall"
1,"Barts Health","omop_table","observation_period","overall","overall","records_per_person",NA,"q05","integer","0","overall","overall"
1,"Barts Health","omop_table","observation_period","overall","overall","records_per_person",NA,"q95","integer","1","overall","overall"
1,"Barts Health","omop_table","observation_period","overall","overall","In observation","Yes","count","integer","7834","overall","overall"
1,"Barts Health","omop_table","observation_period","overall","overall","In observation","Yes","percentage","percentage","100","overall","overall"
1,"Barts Health","omop_table","observation_period","overall","overall","Mapped","Yes","count","integer","7834","overall","overall"
1,"Barts Health","omop_table","observation_period","overall","overall","Mapped","Yes","percentage","percentage","100","overall","overall"
1,"Barts Health","omop_table","observation_period","overall","overall","Domain","No domain","count","integer","7834","overall","overall"
1,"Barts Health","omop_table","observation_period","overall","overall","Domain","No domain","percentage","percentage","100","overall","overall"
1,"Barts Health","omop_table","observation_period","overall","overall","Record type","EHR","count","integer","7834","overall","overall"
1,"Barts Health","omop_table","observation_period","overall","overall","Record type","EHR","percentage","percentage","100","overall","overall"
2,"Barts Health","omop_table","visit_occurrence","overall","overall","number_records",NA,"count","integer","109839","overall","overall"
2,"Barts Health","omop_table","visit_occurrence","overall","overall","number_subjects",NA,"count","integer","9360","overall","overall"
2,"Barts Health","omop_table","visit_occurrence","overall","overall","records_per_person",NA,"mean","numeric","10.9839","overall","overall"
2,"Barts Health","omop_table","visit_occurrence","overall","overall","records_per_person",NA,"sd","numeric","22.1986287572424","overall","overall"
2,"Barts Health","omop_table","visit_occurrence","overall","overall","records_per_person",NA,"median","integer","4","overall","overall"
2,"Barts Health","omop_table","visit_occurrence","overall","overall","records_per_person",NA,"q25","integer","1","overall","overall"
2,"Barts Health","omop_table","visit_occurrence","overall","overall","records_per_person",NA,"q75","integer","11","overall","overall"
2,"Barts Health","omop_table","visit_occurrence","overall","overall","records_per_person",NA,"q05","integer","0","overall","overall"
2,"Barts Health","omop_table","visit_occurrence","overall","overall","records_per_person",NA,"q95","integer","46","overall","overall"
2,"Barts Health","omop_table","visit_occurrence","overall","overall","In observation","No","count","integer","21460","overall","overall"
2,"Barts Health","omop_table","visit_occurrence","overall","overall","In observation","No","percentage","percentage","19.5376869782136","overall","overall"
2,"Barts Health","omop_table","visit_occurrence","overall","overall","In observation","Yes","count","integer","88379","overall","overall"
2,"Barts Health","omop_table","visit_occurrence","overall","overall","In observation","Yes","percentage","percentage","80.4623130217864","overall","overall"
2,"Barts Health","omop_table","visit_occurrence","overall","overall","Mapped","No","count","integer","16509","overall","overall"
2,"Barts Health","omop_table","visit_occurrence","overall","overall","Mapped","No","percentage","percentage","15.0301805369677","overall","overall"
2,"Barts Health","omop_table","visit_occurrence","overall","overall","Mapped","Yes","count","integer","93330","overall","overall"
2,"Barts Health","omop_table","visit_occurrence","overall","overall","Mapped","Yes","percentage","percentage","84.9698194630323","overall","overall"
2,"Barts Health","omop_table","visit_occurrence","overall","overall","Domain","Metadata","count","integer","16509","overall","overall"
2,"Barts Health","omop_table","visit_occurrence","overall","overall","Domain","Metadata","percentage","percentage","15.0301805369677","overall","overall"
2,"Barts Health","omop_table","visit_occurrence","overall","overall","Domain","Visit","count","integer","93330","overall","overall"
2,"Barts Health","omop_table","visit_occurrence","overall","overall","Domain","Visit","percentage","percentage","84.9698194630323","overall","overall"
2,"Barts Health","omop_table","visit_occurrence","overall","overall","Record type","EHR","count","integer","109839","overall","overall"
2,"Barts Health","omop_table","visit_occurrence","overall","overall","Record type","EHR","percentage","percentage","100","overall","overall"
3,"Barts Health","omop_table","condition_occurrence","overall","overall","number_records",NA,"count","integer","96847","overall","overall"
3,"Barts Health","omop_table","condition_occurrence","overall","overall","number_subjects",NA,"count","integer","5720","overall","overall"
3,"Barts Health","omop_table","condition_occurrence","overall","overall","records_per_person",NA,"mean","numeric","9.6847","overall","overall"
3,"Barts Health","omop_table","condition_occurrence","overall","overall","records_per_person",NA,"sd","numeric","39.4578430485981","overall","overall"
3,"Barts Health","omop_table","condition_occurrence","overall","overall","records_per_person",NA,"median","integer","1","overall","overall"
3,"Barts Health","omop_table","condition_occurrence","overall","overall","records_per_person",NA,"q25","integer","0","overall","overall"
3,"Barts Health","omop_table","condition_occurrence","overall","overall","records_per_person",NA,"q75","integer","6","overall","overall"
3,"Barts Health","omop_table","condition_occurrence","overall","overall","records_per_person",NA,"q05","integer","0","overall","overall"
3,"Barts Health","omop_table","condition_occurrence","overall","overall","records_per_person",NA,"q95","integer","39","overall","overall"
3,"Barts Health","omop_table","condition_occurrence","overall","overall","In observation","No","count","integer","3330","overall","overall"
3,"Barts Health","omop_table","condition_occurrence","overall","overall","In observation","No","percentage","percentage","3.43841316716057","overall","overall"
3,"Barts Health","omop_table","condition_occurrence","overall","overall","In observation","Yes","count","integer","93517","overall","overall"
3,"Barts Health","omop_table","condition_occurrence","overall","overall","In observation","Yes","percentage","percentage","96.5615868328394","overall","overall"
3,"Barts Health","omop_table","condition_occurrence","overall","overall","Mapped","No","count","integer","130","overall","overall"
3,"Barts Health","omop_table","condition_occurrence","overall","overall","Mapped","No","percentage","percentage","0.134232345865127","overall","overall"
3,"Barts Health","omop_table","condition_occurrence","overall","overall","Mapped","Yes","count","integer","96717","overall","overall"
3,"Barts Health","omop_table","condition_occurrence","overall","overall","Mapped","Yes","percentage","percentage","99.8657676541349","overall","overall"
3,"Barts Health","omop_table","condition_occurrence","overall","overall","Domain","Condition","count","integer","96717","overall","overall"
3,"Barts Health","omop_table","condition_occurrence","overall","overall","Domain","Condition","percentage","percentage","99.8657676541349","overall","overall"
3,"Barts Health","omop_table","condition_occurrence","overall","overall","Domain","Metadata","count","integer","130","overall","overall"
3,"Barts Health","omop_table","condition_occurrence","overall","overall","Domain","Metadata","percentage","percentage","0.134232345865127","overall","overall"
3,"Barts Health","omop_table","condition_occurrence","overall","overall","Record type","EHR","count","integer","96847","overall","overall"
3,"Barts Health","omop_table","condition_occurrence","overall","overall","Record type","EHR","percentage","percentage","100","overall","overall"
4,"Barts Health","omop_table","drug_exposure","overall","overall","number_records",NA,"count","integer","287854","overall","overall"
4,"Barts Health","omop_table","drug_exposure","overall","overall","number_subjects",NA,"count","integer","439","overall","overall"
4,"Barts Health","omop_table","drug_exposure","overall","overall","records_per_person",NA,"mean","numeric","28.7854","overall","overall"
4,"Barts Health","omop_table","drug_exposure","overall","overall","records_per_person",NA,"sd","numeric","366.188149347999","overall","overall"
4,"Barts Health","omop_table","drug_exposure","overall","overall","records_per_person",NA,"median","integer","0","overall","overall"
4,"Barts Health","omop_table","drug_exposure","overall","overall","records_per_person",NA,"q25","integer","0","overall","overall"
4,"Barts Health","omop_table","drug_exposure","overall","overall","records_per_person",NA,"q75","integer","0","overall","overall"
4,"Barts Health","omop_table","drug_exposure","overall","overall","records_per_person",NA,"q05","integer","0","overall","overall"
4,"Barts Health","omop_table","drug_exposure","overall","overall","records_per_person",NA,"q95","integer","0","overall","overall"
4,"Barts Health","omop_table","drug_exposure","overall","overall","In observation","Yes","count","integer","287854","overall","overall"
4,"Barts Health","omop_table","drug_exposure","overall","overall","In observation","Yes","percentage","percentage","100","overall","overall"
4,"Barts Health","omop_table","drug_exposure","overall","overall","Mapped","Yes","count","integer","287854","overall","overall"
4,"Barts Health","omop_table","drug_exposure","overall","overall","Mapped","Yes","percentage","percentage","100","overall","overall"
4,"Barts Health","omop_table","drug_exposure","overall","overall","Domain","Drug","count","integer","287854","overall","overall"
4,"Barts Health","omop_table","drug_exposure","overall","overall","Domain","Drug","percentage","percentage","100","overall","overall"
4,"Barts Health","omop_table","drug_exposure","overall","overall","Record type","EHR prescription","count","integer","287854","overall","overall"
4,"Barts Health","omop_table","drug_exposure","overall","overall","Record type","EHR prescription","percentage","percentage","100","overall","overall"
5,"Barts Health","omop_table","procedure_occurrence","overall","overall","number_records",NA,"count","integer","63981","overall","overall"
5,"Barts Health","omop_table","procedure_occurrence","overall","overall","number_subjects",NA,"count","integer","4683","overall","overall"
5,"Barts Health","omop_table","procedure_occurrence","overall","overall","records_per_person",NA,"mean","numeric","6.3981","overall","overall"
5,"Barts Health","omop_table","procedure_occurrence","overall","overall","records_per_person",NA,"sd","numeric","19.5495788955542","overall","overall"
5,"Barts Health","omop_table","procedure_occurrence","overall","overall","records_per_person",NA,"median","integer","0","overall","overall"
5,"Barts Health","omop_table","procedure_occurrence","overall","overall","records_per_person",NA,"q25","integer","0","overall","overall"
5,"Barts Health","omop_table","procedure_occurrence","overall","overall","records_per_person",NA,"q75","integer","5","overall","overall"
5,"Barts Health","omop_table","procedure_occurrence","overall","overall","records_per_person",NA,"q05","integer","0","overall","overall"
5,"Barts Health","omop_table","procedure_occurrence","overall","overall","records_per_person",NA,"q95","integer","31","overall","overall"
5,"Barts Health","omop_table","procedure_occurrence","overall","overall","In observation","No","count","integer","314","overall","overall"
5,"Barts Health","omop_table","procedure_occurrence","overall","overall","In observation","No","percentage","percentage","0.490770697550835","overall","overall"
5,"Barts Health","omop_table","procedure_occurrence","overall","overall","In observation","Yes","count","integer","63667","overall","overall"
5,"Barts Health","omop_table","procedure_occurrence","overall","overall","In observation","Yes","percentage","percentage","99.5092293024492","overall","overall"
5,"Barts Health","omop_table","procedure_occurrence","overall","overall","Mapped","No","count","integer","108","overall","overall"
5,"Barts Health","omop_table","procedure_occurrence","overall","overall","Mapped","No","percentage","percentage","0.168800112533408","overall","overall"
5,"Barts Health","omop_table","procedure_occurrence","overall","overall","Mapped","Yes","count","integer","63873","overall","overall"
5,"Barts Health","omop_table","procedure_occurrence","overall","overall","Mapped","Yes","percentage","percentage","99.8311998874666","overall","overall"
5,"Barts Health","omop_table","procedure_occurrence","overall","overall","Domain","Metadata","count","integer","108","overall","overall"
5,"Barts Health","omop_table","procedure_occurrence","overall","overall","Domain","Metadata","percentage","percentage","0.168800112533408","overall","overall"
5,"Barts Health","omop_table","procedure_occurrence","overall","overall","Domain","Procedure","count","integer","63873","overall","overall"
5,"Barts Health","omop_table","procedure_occurrence","overall","overall","Domain","Procedure","percentage","percentage","99.8311998874666","overall","overall"
5,"Barts Health","omop_table","procedure_occurrence","overall","overall","Record type","EHR","count","integer","63981","overall","overall"
5,"Barts Health","omop_table","procedure_occurrence","overall","overall","Record type","EHR","percentage","percentage","100","overall","overall"
6,"Barts Health","omop_table","device_exposure","overall","overall","number_records",NA,"count","integer","2851","overall","overall"
6,"Barts Health","omop_table","device_exposure","overall","overall","number_subjects",NA,"count","integer","480","overall","overall"
6,"Barts Health","omop_table","device_exposure","overall","overall","records_per_person",NA,"mean","numeric","0.2851","overall","overall"
6,"Barts Health","omop_table","device_exposure","overall","overall","records_per_person",NA,"sd","numeric","1.98917411791103","overall","overall"
6,"Barts Health","omop_table","device_exposure","overall","overall","records_per_person",NA,"median","integer","0","overall","overall"
6,"Barts Health","omop_table","device_exposure","overall","overall","records_per_person",NA,"q25","integer","0","overall","overall"
6,"Barts Health","omop_table","device_exposure","overall","overall","records_per_person",NA,"q75","integer","0","overall","overall"
6,"Barts Health","omop_table","device_exposure","overall","overall","records_per_person",NA,"q05","integer","0","overall","overall"
6,"Barts Health","omop_table","device_exposure","overall","overall","records_per_person",NA,"q95","integer","0","overall","overall"
6,"Barts Health","omop_table","device_exposure","overall","overall","In observation","Yes","count","integer","2851","overall","overall"
6,"Barts Health","omop_table","device_exposure","overall","overall","In observation","Yes","percentage","percentage","100","overall","overall"
6,"Barts Health","omop_table","device_exposure","overall","overall","Mapped","No","count","integer",NA,"overall","overall"
6,"Barts Health","omop_table","device_exposure","overall","overall","Mapped","No","percentage","percentage",NA,"overall","overall"
6,"Barts Health","omop_table","device_exposure","overall","overall","Mapped","Yes","count","integer","2850","overall","overall"
6,"Barts Health","omop_table","device_exposure","overall","overall","Mapped","Yes","percentage","percentage","99.9649245878639","overall","overall"
6,"Barts Health","omop_table","device_exposure","overall","overall","Domain","Device","count","integer","2850","overall","overall"
6,"Barts Health","omop_table","device_exposure","overall","overall","Domain","Device","percentage","percentage","99.9649245878639","overall","overall"
6,"Barts Health","omop_table","device_exposure","overall","overall","Domain","Metadata","count","integer",NA,"overall","overall"
6,"Barts Health","omop_table","device_exposure","overall","overall","Domain","Metadata","percentage","percentage",NA,"overall","overall"
6,"Barts Health","omop_table","device_exposure","overall","overall","Record type","EHR","count","integer","2851","overall","overall"
6,"Barts Health","omop_table","device_exposure","overall","overall","Record type","EHR","percentage","percentage","100","overall","overall"
7,"Barts Health","omop_table","measurement","overall","overall","number_records",NA,"count","integer","1078200","overall","overall"
7,"Barts Health","omop_table","measurement","overall","overall","number_subjects",NA,"count","integer","5182","overall","overall"
7,"Barts Health","omop_table","measurement","overall","overall","records_per_person",NA,"mean","numeric","107.82","overall","overall"
7,"Barts Health","omop_table","measurement","overall","overall","records_per_person",NA,"sd","numeric","431.423159084233","overall","overall"
7,"Barts Health","omop_table","measurement","overall","overall","records_per_person",NA,"median","integer","2","overall","overall"
7,"Barts Health","omop_table","measurement","overall","overall","records_per_person",NA,"q25","integer","0","overall","overall"
7,"Barts Health","omop_table","measurement","overall","overall","records_per_person",NA,"q75","integer","62","overall","overall"
7,"Barts Health","omop_table","measurement","overall","overall","records_per_person",NA,"q05","integer","0","overall","overall"
7,"Barts Health","omop_table","measurement","overall","overall","records_per_person",NA,"q95","integer","456","overall","overall"
7,"Barts Health","omop_table","measurement","overall","overall","In observation","No","count","integer","103","overall","overall"
7,"Barts Health","omop_table","measurement","overall","overall","In observation","No","percentage","percentage","0.00955295863476164","overall","overall"
7,"Barts Health","omop_table","measurement","overall","overall","In observation","Yes","count","integer","1078097","overall","overall"
7,"Barts Health","omop_table","measurement","overall","overall","In observation","Yes","percentage","percentage","99.9904470413652","overall","overall"
7,"Barts Health","omop_table","measurement","overall","overall","Mapped","Yes","count","integer","1078200","overall","overall"
7,"Barts Health","omop_table","measurement","overall","overall","Mapped","Yes","percentage","percentage","100","overall","overall"
7,"Barts Health","omop_table","measurement","overall","overall","Domain","Measurement","count","integer","1078200","overall","overall"
7,"Barts Health","omop_table","measurement","overall","overall","Domain","Measurement","percentage","percentage","100","overall","overall"
7,"Barts Health","omop_table","measurement","overall","overall","Record type","EHR","count","integer","1078200","overall","overall"
7,"Barts Health","omop_table","measurement","overall","overall","Record type","EHR","percentage","percentage","100","overall","overall"
8,"Barts Health","omop_table","observation","overall","overall","number_records",NA,"count","integer","156235","overall","overall"
8,"Barts Health","omop_table","observation","overall","overall","number_subjects",NA,"count","integer","6992","overall","overall"
8,"Barts Health","omop_table","observation","overall","overall","records_per_person",NA,"mean","numeric","15.6235","overall","overall"
8,"Barts Health","omop_table","observation","overall","overall","records_per_person",NA,"sd","numeric","43.8384640338012","overall","overall"
8,"Barts Health","omop_table","observation","overall","overall","records_per_person",NA,"median","integer","3","overall","overall"
8,"Barts Health","omop_table","observation","overall","overall","records_per_person",NA,"q25","integer","0","overall","overall"
8,"Barts Health","omop_table","observation","overall","overall","records_per_person",NA,"q75","integer","11","overall","overall"
8,"Barts Health","omop_table","observation","overall","overall","records_per_person",NA,"q05","integer","0","overall","overall"
8,"Barts Health","omop_table","observation","overall","overall","records_per_person",NA,"q95","integer","74","overall","overall"
8,"Barts Health","omop_table","observation","overall","overall","In observation","No","count","integer","1643","overall","overall"
8,"Barts Health","omop_table","observation","overall","overall","In observation","No","percentage","percentage","1.05162095561174","overall","overall"
8,"Barts Health","omop_table","observation","overall","overall","In observation","Yes","count","integer","154592","overall","overall"
8,"Barts Health","omop_table","observation","overall","overall","In observation","Yes","percentage","percentage","98.9483790443883","overall","overall"
8,"Barts Health","omop_table","observation","overall","overall","Mapped","Yes","count","integer","156235","overall","overall"
8,"Barts Health","omop_table","observation","overall","overall","Mapped","Yes","percentage","percentage","100","overall","overall"
8,"Barts Health","omop_table","observation","overall","overall","Domain","Observation","count","integer","155559","overall","overall"
8,"Barts Health","omop_table","observation","overall","overall","Domain","Observation","percentage","percentage","99.5673184625724","overall","overall"
8,"Barts Health","omop_table","observation","overall","overall","Domain","Procedure","count","integer","676","overall","overall"
8,"Barts Health","omop_table","observation","overall","overall","Domain","Procedure","percentage","percentage","0.432681537427593","overall","overall"
8,"Barts Health","omop_table","observation","overall","overall","Record type","EHR","count","integer","156235","overall","overall"
8,"Barts Health","omop_table","observation","overall","overall","Record type","EHR","percentage","percentage","100","overall","overall"
9,"Barts Health","omop_table","death","overall","overall","number_records",NA,"count","integer","297","overall","overall"
9,"Barts Health","omop_table","death","overall","overall","number_subjects",NA,"count","integer","297","overall","overall"
9,"Barts Health","omop_table","death","overall","overall","records_per_person",NA,"mean","numeric","0.0297","overall","overall"
9,"Barts Health","omop_table","death","overall","overall","records_per_person",NA,"sd","numeric","0.16976687568312","overall","overall"
9,"Barts Health","omop_table","death","overall","overall","records_per_person",NA,"median","integer","0","overall","overall"
9,"Barts Health","omop_table","death","overall","overall","records_per_person",NA,"q25","integer","0","overall","overall"
9,"Barts Health","omop_table","death","overall","overall","records_per_person",NA,"q75","integer","0","overall","overall"
9,"Barts Health","omop_table","death","overall","overall","records_per_person",NA,"q05","integer","0","overall","overall"
9,"Barts Health","omop_table","death","overall","overall","records_per_person",NA,"q95","integer","0","overall","overall"
9,"Barts Health","omop_table","death","overall","overall","In observation","No","count","integer","130","overall","overall"
9,"Barts Health","omop_table","death","overall","overall","In observation","No","percentage","percentage","43.7710437710438","overall","overall"
9,"Barts Health","omop_table","death","overall","overall","In observation","Yes","count","integer","167","overall","overall"
9,"Barts Health","omop_table","death","overall","overall","In observation","Yes","percentage","percentage","56.2289562289562","overall","overall"
9,"Barts Health","omop_table","death","overall","overall","Mapped","No","count","integer","297","overall","overall"
9,"Barts Health","omop_table","death","overall","overall","Mapped","No","percentage","percentage","100","overall","overall"
9,"Barts Health","omop_table","death","overall","overall","Domain","Metadata","count","integer","297","overall","overall"
9,"Barts Health","omop_table","death","overall","overall","Domain","Metadata","percentage","percentage","100","overall","overall"
9,"Barts Health","omop_table","death","overall","overall","Record type","EHR","count","integer","297","overall","overall"
9,"Barts Health","omop_table","death","overall","overall","Record type","EHR","percentage","percentage","100","overall","overall"
1,NA,"overall","overall","overall","overall","settings",NA,"result_type","character","summarised_omop_table","overall","overall"
1,NA,"overall","overall","overall","overall","settings",NA,"package_name","character","omopSketch","overall","overall"
1,NA,"overall","overall","overall","overall","settings",NA,"package_version","character","0.0.0","overall","overall"
1,NA,"overall","overall","overall","overall","settings",NA,"min_cell_count","integer","8","overall","overall"
2,NA,"overall","overall","overall","overall","settings",NA,"result_type","character","summarised_omop_table","overall","overall"
2,NA,"overall","overall","overall","overall","settings",NA,"package_name","character","omopSketch","overall","overall"
2,NA,"overall","overall","overall","overall","settings",NA,"package_version","character","0.0.0","overall","overall"
2,NA,"overall","overall","overall","overall","settings",NA,"min_cell_count","integer","8","overall","overall"
3,NA,"overall","overall","overall","overall","settings",NA,"result_type","character","summarised_omop_table","overall","overall"
3,NA,"overall","overall","overall","overall","settings",NA,"package_name","character","omopSketch","overall","overall"
3,NA,"overall","overall","overall","overall","settings",NA,"package_version","character","0.0.0","overall","overall"
3,NA,"overall","overall","overall","overall","settings",NA,"min_cell_count","integer","8","overall","overall"
4,NA,"overall","overall","overall","overall","settings",NA,"result_type","character","summarised_omop_table","overall","overall"
4,NA,"overall","overall","overall","overall","settings",NA,"package_name","character","omopSketch","overall","overall"
4,NA,"overall","overall","overall","overall","settings",NA,"package_version","character","0.0.0","overall","overall"
4,NA,"overall","overall","overall","overall","settings",NA,"min_cell_count","integer","8","overall","overall"
5,NA,"overall","overall","overall","overall","settings",NA,"result_type","character","summarised_omop_table","overall","overall"
5,NA,"overall","overall","overall","overall","settings",NA,"package_name","character","omopSketch","overall","overall"
5,NA,"overall","overall","overall","overall","settings",NA,"package_version","character","0.0.0","overall","overall"
5,NA,"overall","overall","overall","overall","settings",NA,"min_cell_count","integer","8","overall","overall"
6,NA,"overall","overall","overall","overall","settings",NA,"result_type","character","summarised_omop_table","overall","overall"
6,NA,"overall","overall","overall","overall","settings",NA,"package_name","character","omopSketch","overall","overall"
6,NA,"overall","overall","overall","overall","settings",NA,"package_version","character","0.0.0","overall","overall"
6,NA,"overall","overall","overall","overall","settings",NA,"min_cell_count","integer","8","overall","overall"
7,NA,"overall","overall","overall","overall","settings",NA,"result_type","character","summarised_omop_table","overall","overall"
7,NA,"overall","overall","overall","overall","settings",NA,"package_name","character","omopSketch","overall","overall"
7,NA,"overall","overall","overall","overall","settings",NA,"package_version","character","0.0.0","overall","overall"
7,NA,"overall","overall","overall","overall","settings",NA,"min_cell_count","integer","8","overall","overall"
8,NA,"overall","overall","overall","overall","settings",NA,"result_type","character","summarised_omop_table","overall","overall"
8,NA,"overall","overall","overall","overall","settings",NA,"package_name","character","omopSketch","overall","overall"
8,NA,"overall","overall","overall","overall","settings",NA,"package_version","character","0.0.0","overall","overall"
8,NA,"overall","overall","overall","overall","settings",NA,"min_cell_count","integer","8","overall","overall"
9,NA,"overall","overall","overall","overall","settings",NA,"result_type","character","summarised_omop_table","overall","overall"
9,NA,"overall","overall","overall","overall","settings",NA,"package_name","character","omopSketch","overall","overall"
9,NA,"overall","overall","overall","overall","settings",NA,"package_version","character","0.0.0","overall","overall"
9,NA,"overall","overall","overall","overall","settings",NA,"min_cell_count","integer","8","overall","overall"
