"result_id","cdm_name","group_name","group_level","strata_name","strata_level","variable_name","variable_level","estimate_name","estimate_type","estimate_value","additional_name","additional_level"
1,"Barts Health","cohort_name","denominator","overall","overall","follow-up","0 to 3617","count","integer","7158","overall","overall"
1,"Barts Health","cohort_name","denominator","overall","overall","follow-up","3618 to 7235","count","integer","666","overall","overall"
1,"Barts Health","cohort_name","denominator","overall","overall","follow-up","7236 to 10853","count","integer",NA,"overall","overall"
1,"Barts Health","cohort_name","denominator","overall","overall","follow-up","14472 to 18089","count","integer",NA,"overall","overall"
1,"Barts Health","cohort_name","denominator","overall","overall","follow-up","21708 to 25325","count","integer",NA,"overall","overall"
1,"Barts Health","cohort_name","denominator","overall","overall","follow-up","25326 to 28943","count","integer",NA,"overall","overall"
1,"Barts Health","cohort_name","denominator","overall","overall","follow-up","32562 to 36179","count","integer",NA,"overall","overall"
1,"Barts Health","cohort_name","denominator","overall","overall","follow-up","358182 to 361799","count","integer",NA,"overall","overall"
1,"Barts Health","cohort_name","denominator","sex","Female","follow-up","0 to 3617","count","integer","3634","overall","overall"
1,"Barts Health","cohort_name","denominator","sex","Male","follow-up","0 to 3617","count","integer","3524","overall","overall"
1,"Barts Health","cohort_name","denominator","sex","Female","follow-up","3618 to 7235","count","integer","405","overall","overall"
1,"Barts Health","cohort_name","denominator","sex","Male","follow-up","3618 to 7235","count","integer","261","overall","overall"
1,"Barts Health","cohort_name","denominator","sex","Female","follow-up","7236 to 10853","count","integer",NA,"overall","overall"
1,"Barts Health","cohort_name","denominator","sex","Male","follow-up","7236 to 10853","count","integer",NA,"overall","overall"
1,"Barts Health","cohort_name","denominator","sex","Male","follow-up","14472 to 18089","count","integer",NA,"overall","overall"
1,"Barts Health","cohort_name","denominator","sex","Female","follow-up","21708 to 25325","count","integer",NA,"overall","overall"
1,"Barts Health","cohort_name","denominator","sex","Male","follow-up","25326 to 28943","count","integer",NA,"overall","overall"
1,"Barts Health","cohort_name","denominator","sex","Male","follow-up","32562 to 36179","count","integer",NA,"overall","overall"
1,"Barts Health","cohort_name","denominator","sex","Male","follow-up","358182 to 361799","count","integer",NA,"overall","overall"
1,"Barts Health","cohort_name","denominator","age_group_at_entry","0 to 19","follow-up","0 to 3617","count","integer","1786","overall","overall"
1,"Barts Health","cohort_name","denominator","age_group_at_entry","20 to 39","follow-up","0 to 3617","count","integer","2894","overall","overall"
1,"Barts Health","cohort_name","denominator","age_group_at_entry","40 to 59","follow-up","0 to 3617","count","integer","1499","overall","overall"
1,"Barts Health","cohort_name","denominator","age_group_at_entry","60 to 79","follow-up","0 to 3617","count","integer","784","overall","overall"
1,"Barts Health","cohort_name","denominator","age_group_at_entry","80 to 150","follow-up","0 to 3617","count","integer","195","overall","overall"
1,"Barts Health","cohort_name","denominator","age_group_at_entry","0 to 19","follow-up","3618 to 7235","count","integer","149","overall","overall"
1,"Barts Health","cohort_name","denominator","age_group_at_entry","20 to 39","follow-up","3618 to 7235","count","integer","212","overall","overall"
1,"Barts Health","cohort_name","denominator","age_group_at_entry","40 to 59","follow-up","3618 to 7235","count","integer","205","overall","overall"
1,"Barts Health","cohort_name","denominator","age_group_at_entry","60 to 79","follow-up","3618 to 7235","count","integer","90","overall","overall"
1,"Barts Health","cohort_name","denominator","age_group_at_entry","80 to 150","follow-up","3618 to 7235","count","integer","10","overall","overall"
1,"Barts Health","cohort_name","denominator","age_group_at_entry","40 to 59","follow-up","7236 to 10853","count","integer",NA,"overall","overall"
1,"Barts Health","cohort_name","denominator","age_group_at_entry","60 to 79","follow-up","7236 to 10853","count","integer",NA,"overall","overall"
1,"Barts Health","cohort_name","denominator","age_group_at_entry","0 to 19","follow-up","14472 to 18089","count","integer",NA,"overall","overall"
1,"Barts Health","cohort_name","denominator","age_group_at_entry","0 to 19","follow-up","21708 to 25325","count","integer",NA,"overall","overall"
1,"Barts Health","cohort_name","denominator","age_group_at_entry","0 to 19","follow-up","25326 to 28943","count","integer",NA,"overall","overall"
1,"Barts Health","cohort_name","denominator","age_group_at_entry","0 to 19","follow-up","32562 to 36179","count","integer",NA,"overall","overall"
1,"Barts Health","cohort_name","denominator","age_group_at_entry","20 to 39","follow-up","358182 to 361799","count","integer",NA,"overall","overall"
1,"Barts Health","cohort_name","denominator","sex &&& age_group_at_entry","Female &&& 0 to 19","follow-up","0 to 3617","count","integer","867","overall","overall"
1,"Barts Health","cohort_name","denominator","sex &&& age_group_at_entry","Female &&& 20 to 39","follow-up","0 to 3617","count","integer","1564","overall","overall"
1,"Barts Health","cohort_name","denominator","sex &&& age_group_at_entry","Female &&& 40 to 59","follow-up","0 to 3617","count","integer","719","overall","overall"
1,"Barts Health","cohort_name","denominator","sex &&& age_group_at_entry","Female &&& 60 to 79","follow-up","0 to 3617","count","integer","365","overall","overall"
1,"Barts Health","cohort_name","denominator","sex &&& age_group_at_entry","Female &&& 80 to 150","follow-up","0 to 3617","count","integer","119","overall","overall"
1,"Barts Health","cohort_name","denominator","sex &&& age_group_at_entry","Male &&& 0 to 19","follow-up","0 to 3617","count","integer","919","overall","overall"
1,"Barts Health","cohort_name","denominator","sex &&& age_group_at_entry","Male &&& 20 to 39","follow-up","0 to 3617","count","integer","1330","overall","overall"
1,"Barts Health","cohort_name","denominator","sex &&& age_group_at_entry","Male &&& 40 to 59","follow-up","0 to 3617","count","integer","780","overall","overall"
1,"Barts Health","cohort_name","denominator","sex &&& age_group_at_entry","Male &&& 60 to 79","follow-up","0 to 3617","count","integer","419","overall","overall"
1,"Barts Health","cohort_name","denominator","sex &&& age_group_at_entry","Male &&& 80 to 150","follow-up","0 to 3617","count","integer","76","overall","overall"
1,"Barts Health","cohort_name","denominator","sex &&& age_group_at_entry","Female &&& 0 to 19","follow-up","3618 to 7235","count","integer","73","overall","overall"
1,"Barts Health","cohort_name","denominator","sex &&& age_group_at_entry","Female &&& 20 to 39","follow-up","3618 to 7235","count","integer","160","overall","overall"
1,"Barts Health","cohort_name","denominator","sex &&& age_group_at_entry","Female &&& 40 to 59","follow-up","3618 to 7235","count","integer","114","overall","overall"
1,"Barts Health","cohort_name","denominator","sex &&& age_group_at_entry","Female &&& 60 to 79","follow-up","3618 to 7235","count","integer","52","overall","overall"
1,"Barts Health","cohort_name","denominator","sex &&& age_group_at_entry","Female &&& 80 to 150","follow-up","3618 to 7235","count","integer",NA,"overall","overall"
1,"Barts Health","cohort_name","denominator","sex &&& age_group_at_entry","Male &&& 0 to 19","follow-up","3618 to 7235","count","integer","76","overall","overall"
1,"Barts Health","cohort_name","denominator","sex &&& age_group_at_entry","Male &&& 20 to 39","follow-up","3618 to 7235","count","integer","52","overall","overall"
1,"Barts Health","cohort_name","denominator","sex &&& age_group_at_entry","Male &&& 40 to 59","follow-up","3618 to 7235","count","integer","91","overall","overall"
1,"Barts Health","cohort_name","denominator","sex &&& age_group_at_entry","Male &&& 60 to 79","follow-up","3618 to 7235","count","integer","38","overall","overall"
1,"Barts Health","cohort_name","denominator","sex &&& age_group_at_entry","Male &&& 80 to 150","follow-up","3618 to 7235","count","integer",NA,"overall","overall"
1,"Barts Health","cohort_name","denominator","sex &&& age_group_at_entry","Female &&& 60 to 79","follow-up","7236 to 10853","count","integer",NA,"overall","overall"
1,"Barts Health","cohort_name","denominator","sex &&& age_group_at_entry","Male &&& 40 to 59","follow-up","7236 to 10853","count","integer",NA,"overall","overall"
1,"Barts Health","cohort_name","denominator","sex &&& age_group_at_entry","Male &&& 0 to 19","follow-up","14472 to 18089","count","integer",NA,"overall","overall"
1,"Barts Health","cohort_name","denominator","sex &&& age_group_at_entry","Female &&& 0 to 19","follow-up","21708 to 25325","count","integer",NA,"overall","overall"
1,"Barts Health","cohort_name","denominator","sex &&& age_group_at_entry","Male &&& 0 to 19","follow-up","25326 to 28943","count","integer",NA,"overall","overall"
1,"Barts Health","cohort_name","denominator","sex &&& age_group_at_entry","Male &&& 0 to 19","follow-up","32562 to 36179","count","integer",NA,"overall","overall"
1,"Barts Health","cohort_name","denominator","sex &&& age_group_at_entry","Male &&& 20 to 39","follow-up","358182 to 361799","count","integer",NA,"overall","overall"
1,NA,"overall","overall","overall","overall","settings",NA,"result_type","character","summarised_followup","overall","overall"
1,NA,"overall","overall","overall","overall","settings",NA,"package_name","character","omopSketch","overall","overall"
1,NA,"overall","overall","overall","overall","settings",NA,"package_version","character","0.0.0","overall","overall"
1,NA,"overall","overall","overall","overall","settings",NA,"min_cell_count","integer","8","overall","overall"
