"result_id","cdm_name","group_name","group_level","strata_name","strata_level","variable_name","variable_level","estimate_name","estimate_type","estimate_value","additional_name","additional_level"
1,"Barts Health","omop_table","visit_occurrence","year","2004","incidence_records",NA,"count","integer","32","overall","overall"
1,"Barts Health","omop_table","visit_occurrence","year","2010","incidence_records",NA,"count","integer","1511","overall","overall"
1,"Barts Health","omop_table","visit_occurrence","year","2024","incidence_records",NA,"count","integer",NA,"overall","overall"
1,"Barts Health","omop_table","visit_occurrence","year","2007","incidence_records",NA,"count","integer","179","overall","overall"
1,"Barts Health","omop_table","visit_occurrence","year","2021","incidence_records",NA,"count","integer","7775","overall","overall"
1,"Barts Health","omop_table","visit_occurrence","year","2013","incidence_records",NA,"count","integer","5573","overall","overall"
1,"Barts Health","omop_table","visit_occurrence","year","2008","incidence_records",NA,"count","integer","920","overall","overall"
1,"Barts Health","omop_table","visit_occurrence","year","2022","incidence_records",NA,"count","integer","2147","overall","overall"
1,"Barts Health","omop_table","visit_occurrence","year","2016","incidence_records",NA,"count","integer","8296","overall","overall"
1,"Barts Health","omop_table","visit_occurrence","year","2005","incidence_records",NA,"count","integer","46","overall","overall"
1,"Barts Health","omop_table","visit_occurrence","year","2019","incidence_records",NA,"count","integer","11058","overall","overall"
1,"Barts Health","omop_table","visit_occurrence","year","2020","incidence_records",NA,"count","integer","7748","overall","overall"
1,"Barts Health","omop_table","visit_occurrence","year","2014","incidence_records",NA,"count","integer","7420","overall","overall"
1,"Barts Health","omop_table","visit_occurrence","year","2011","incidence_records",NA,"count","integer","1986","overall","overall"
1,"Barts Health","omop_table","visit_occurrence","year","2023","incidence_records",NA,"count","integer","27","overall","overall"
1,"Barts Health","omop_table","visit_occurrence","year","2017","incidence_records",NA,"count","integer","9114","overall","overall"
1,"Barts Health","omop_table","visit_occurrence","year","2006","incidence_records",NA,"count","integer","84","overall","overall"
1,"Barts Health","omop_table","visit_occurrence","year","2012","incidence_records",NA,"count","integer","4505","overall","overall"
1,"Barts Health","omop_table","visit_occurrence","year","2018","incidence_records",NA,"count","integer","10528","overall","overall"
1,"Barts Health","omop_table","visit_occurrence","year","2009","incidence_records",NA,"count","integer","1468","overall","overall"
1,"Barts Health","omop_table","visit_occurrence","year","2015","incidence_records",NA,"count","integer","7960","overall","overall"
2,"Barts Health","omop_table","condition_occurrence","year","2004","incidence_records",NA,"count","integer","16","overall","overall"
2,"Barts Health","omop_table","condition_occurrence","year","2010","incidence_records",NA,"count","integer","2679","overall","overall"
2,"Barts Health","omop_table","condition_occurrence","year","2007","incidence_records",NA,"count","integer","229","overall","overall"
2,"Barts Health","omop_table","condition_occurrence","year","2001","incidence_records",NA,"count","integer",NA,"overall","overall"
2,"Barts Health","omop_table","condition_occurrence","year","2021","incidence_records",NA,"count","integer","9918","overall","overall"
2,"Barts Health","omop_table","condition_occurrence","year","2013","incidence_records",NA,"count","integer","4876","overall","overall"
2,"Barts Health","omop_table","condition_occurrence","year","2008","incidence_records",NA,"count","integer","1135","overall","overall"
2,"Barts Health","omop_table","condition_occurrence","year","2002","incidence_records",NA,"count","integer",NA,"overall","overall"
2,"Barts Health","omop_table","condition_occurrence","year","2022","incidence_records",NA,"count","integer","2250","overall","overall"
2,"Barts Health","omop_table","condition_occurrence","year","2016","incidence_records",NA,"count","integer","7515","overall","overall"
2,"Barts Health","omop_table","condition_occurrence","year","2005","incidence_records",NA,"count","integer","55","overall","overall"
2,"Barts Health","omop_table","condition_occurrence","year","2019","incidence_records",NA,"count","integer","13504","overall","overall"
2,"Barts Health","omop_table","condition_occurrence","year","2020","incidence_records",NA,"count","integer","10046","overall","overall"
2,"Barts Health","omop_table","condition_occurrence","year","2014","incidence_records",NA,"count","integer","5234","overall","overall"
2,"Barts Health","omop_table","condition_occurrence","year","2003","incidence_records",NA,"count","integer",NA,"overall","overall"
2,"Barts Health","omop_table","condition_occurrence","year","2011","incidence_records",NA,"count","integer","3304","overall","overall"
2,"Barts Health","omop_table","condition_occurrence","year","2023","incidence_records",NA,"count","integer",NA,"overall","overall"
2,"Barts Health","omop_table","condition_occurrence","year","2017","incidence_records",NA,"count","integer","8469","overall","overall"
2,"Barts Health","omop_table","condition_occurrence","year","2006","incidence_records",NA,"count","integer","97","overall","overall"
2,"Barts Health","omop_table","condition_occurrence","year","2012","incidence_records",NA,"count","integer","3853","overall","overall"
2,"Barts Health","omop_table","condition_occurrence","year","2018","incidence_records",NA,"count","integer","12302","overall","overall"
2,"Barts Health","omop_table","condition_occurrence","year","2009","incidence_records",NA,"count","integer","2124","overall","overall"
2,"Barts Health","omop_table","condition_occurrence","year","2015","incidence_records",NA,"count","integer","5906","overall","overall"
3,"Barts Health","omop_table","drug_exposure","year","2013","incidence_records",NA,"count","integer","30826","overall","overall"
3,"Barts Health","omop_table","drug_exposure","year","2014","incidence_records",NA,"count","integer","66523","overall","overall"
3,"Barts Health","omop_table","drug_exposure","year","2015","incidence_records",NA,"count","integer","23387","overall","overall"
3,"Barts Health","omop_table","drug_exposure","year","2016","incidence_records",NA,"count","integer","47870","overall","overall"
3,"Barts Health","omop_table","drug_exposure","year","2017","incidence_records",NA,"count","integer","49333","overall","overall"
3,"Barts Health","omop_table","drug_exposure","year","2018","incidence_records",NA,"count","integer","39084","overall","overall"
3,"Barts Health","omop_table","drug_exposure","year","2019","incidence_records",NA,"count","integer","21327","overall","overall"
3,"Barts Health","omop_table","drug_exposure","year","2020","incidence_records",NA,"count","integer","3180","overall","overall"
3,"Barts Health","omop_table","drug_exposure","year","2021","incidence_records",NA,"count","integer","623","overall","overall"
3,"Barts Health","omop_table","drug_exposure","year","2022","incidence_records",NA,"count","integer","2908","overall","overall"
3,"Barts Health","omop_table","drug_exposure","year","2023","incidence_records",NA,"count","integer","2793","overall","overall"
4,"Barts Health","omop_table","procedure_occurrence","year","2004","incidence_records",NA,"count","integer","8","overall","overall"
4,"Barts Health","omop_table","procedure_occurrence","year","2010","incidence_records",NA,"count","integer","1096","overall","overall"
4,"Barts Health","omop_table","procedure_occurrence","year","2007","incidence_records",NA,"count","integer","81","overall","overall"
4,"Barts Health","omop_table","procedure_occurrence","year","2021","incidence_records",NA,"count","integer","5498","overall","overall"
4,"Barts Health","omop_table","procedure_occurrence","year","2013","incidence_records",NA,"count","integer","3915","overall","overall"
4,"Barts Health","omop_table","procedure_occurrence","year","2008","incidence_records",NA,"count","integer","576","overall","overall"
4,"Barts Health","omop_table","procedure_occurrence","year","2022","incidence_records",NA,"count","integer","1218","overall","overall"
4,"Barts Health","omop_table","procedure_occurrence","year","2016","incidence_records",NA,"count","integer","5964","overall","overall"
4,"Barts Health","omop_table","procedure_occurrence","year","2005","incidence_records",NA,"count","integer","26","overall","overall"
4,"Barts Health","omop_table","procedure_occurrence","year","2019","incidence_records",NA,"count","integer","8073","overall","overall"
4,"Barts Health","omop_table","procedure_occurrence","year","2014","incidence_records",NA,"count","integer","4749","overall","overall"
4,"Barts Health","omop_table","procedure_occurrence","year","2020","incidence_records",NA,"count","integer","7250","overall","overall"
4,"Barts Health","omop_table","procedure_occurrence","year","2011","incidence_records",NA,"count","integer","1283","overall","overall"
4,"Barts Health","omop_table","procedure_occurrence","year","2023","incidence_records",NA,"count","integer",NA,"overall","overall"
4,"Barts Health","omop_table","procedure_occurrence","year","2999","incidence_records",NA,"count","integer",NA,"overall","overall"
4,"Barts Health","omop_table","procedure_occurrence","year","2017","incidence_records",NA,"count","integer","6751","overall","overall"
4,"Barts Health","omop_table","procedure_occurrence","year","2006","incidence_records",NA,"count","integer","47","overall","overall"
4,"Barts Health","omop_table","procedure_occurrence","year","2012","incidence_records",NA,"count","integer","2816","overall","overall"
4,"Barts Health","omop_table","procedure_occurrence","year","2018","incidence_records",NA,"count","integer","8217","overall","overall"
4,"Barts Health","omop_table","procedure_occurrence","year","2009","incidence_records",NA,"count","integer","890","overall","overall"
4,"Barts Health","omop_table","procedure_occurrence","year","2015","incidence_records",NA,"count","integer","5207","overall","overall"
5,"Barts Health","omop_table","device_exposure","year","2021","incidence_records",NA,"count","integer","95","overall","overall"
5,"Barts Health","omop_table","device_exposure","year","2013","incidence_records",NA,"count","integer","8","overall","overall"
5,"Barts Health","omop_table","device_exposure","year","2016","incidence_records",NA,"count","integer","53","overall","overall"
5,"Barts Health","omop_table","device_exposure","year","2019","incidence_records",NA,"count","integer","800","overall","overall"
5,"Barts Health","omop_table","device_exposure","year","2020","incidence_records",NA,"count","integer","557","overall","overall"
5,"Barts Health","omop_table","device_exposure","year","2014","incidence_records",NA,"count","integer","8","overall","overall"
5,"Barts Health","omop_table","device_exposure","year","2017","incidence_records",NA,"count","integer","624","overall","overall"
5,"Barts Health","omop_table","device_exposure","year","2018","incidence_records",NA,"count","integer","684","overall","overall"
5,"Barts Health","omop_table","device_exposure","year","2015","incidence_records",NA,"count","integer","22","overall","overall"
6,"Barts Health","omop_table","measurement","year","2008","incidence_records",NA,"count","integer",NA,"overall","overall"
6,"Barts Health","omop_table","measurement","year","2009","incidence_records",NA,"count","integer","347","overall","overall"
6,"Barts Health","omop_table","measurement","year","2010","incidence_records",NA,"count","integer","314","overall","overall"
6,"Barts Health","omop_table","measurement","year","2011","incidence_records",NA,"count","integer","477","overall","overall"
6,"Barts Health","omop_table","measurement","year","2012","incidence_records",NA,"count","integer","30365","overall","overall"
6,"Barts Health","omop_table","measurement","year","2013","incidence_records",NA,"count","integer","42267","overall","overall"
6,"Barts Health","omop_table","measurement","year","2014","incidence_records",NA,"count","integer","69990","overall","overall"
6,"Barts Health","omop_table","measurement","year","2015","incidence_records",NA,"count","integer","88023","overall","overall"
6,"Barts Health","omop_table","measurement","year","2016","incidence_records",NA,"count","integer","101440","overall","overall"
6,"Barts Health","omop_table","measurement","year","2017","incidence_records",NA,"count","integer","110767","overall","overall"
6,"Barts Health","omop_table","measurement","year","2018","incidence_records",NA,"count","integer","163409","overall","overall"
6,"Barts Health","omop_table","measurement","year","2019","incidence_records",NA,"count","integer","187970","overall","overall"
6,"Barts Health","omop_table","measurement","year","2020","incidence_records",NA,"count","integer","208122","overall","overall"
6,"Barts Health","omop_table","measurement","year","2021","incidence_records",NA,"count","integer","74603","overall","overall"
7,"Barts Health","omop_table","observation","year","2010","incidence_records",NA,"count","integer","2186","overall","overall"
7,"Barts Health","omop_table","observation","year","2011","incidence_records",NA,"count","integer","2704","overall","overall"
7,"Barts Health","omop_table","observation","year","2012","incidence_records",NA,"count","integer","4084","overall","overall"
7,"Barts Health","omop_table","observation","year","2013","incidence_records",NA,"count","integer","8830","overall","overall"
7,"Barts Health","omop_table","observation","year","2004","incidence_records",NA,"count","integer","42","overall","overall"
7,"Barts Health","omop_table","observation","year","2005","incidence_records",NA,"count","integer","82","overall","overall"
7,"Barts Health","omop_table","observation","year","2019","incidence_records",NA,"count","integer","24553","overall","overall"
7,"Barts Health","omop_table","observation","year","2020","incidence_records",NA,"count","integer","22987","overall","overall"
7,"Barts Health","omop_table","observation","year","2021","incidence_records",NA,"count","integer","11258","overall","overall"
7,"Barts Health","omop_table","observation","year","2022","incidence_records",NA,"count","integer","1387","overall","overall"
7,"Barts Health","omop_table","observation","year","2006","incidence_records",NA,"count","integer","139","overall","overall"
7,"Barts Health","omop_table","observation","year","2008","incidence_records",NA,"count","integer","1310","overall","overall"
7,"Barts Health","omop_table","observation","year","2015","incidence_records",NA,"count","integer","13043","overall","overall"
7,"Barts Health","omop_table","observation","year","2017","incidence_records",NA,"count","integer","15851","overall","overall"
7,"Barts Health","omop_table","observation","year","2007","incidence_records",NA,"count","integer","276","overall","overall"
7,"Barts Health","omop_table","observation","year","2009","incidence_records",NA,"count","integer","2021","overall","overall"
7,"Barts Health","omop_table","observation","year","2014","incidence_records",NA,"count","integer","11112","overall","overall"
7,"Barts Health","omop_table","observation","year","2016","incidence_records",NA,"count","integer","13348","overall","overall"
7,"Barts Health","omop_table","observation","year","2018","incidence_records",NA,"count","integer","19379","overall","overall"
8,"Barts Health","omop_table","death","year","2010","incidence_records",NA,"count","integer",NA,"overall","overall"
8,"Barts Health","omop_table","death","year","2007","incidence_records",NA,"count","integer",NA,"overall","overall"
8,"Barts Health","omop_table","death","year","2021","incidence_records",NA,"count","integer","12","overall","overall"
8,"Barts Health","omop_table","death","year","2013","incidence_records",NA,"count","integer","13","overall","overall"
8,"Barts Health","omop_table","death","year","2008","incidence_records",NA,"count","integer",NA,"overall","overall"
8,"Barts Health","omop_table","death","year","2022","incidence_records",NA,"count","integer",NA,"overall","overall"
8,"Barts Health","omop_table","death","year","2016","incidence_records",NA,"count","integer","17","overall","overall"
8,"Barts Health","omop_table","death","year","2019","incidence_records",NA,"count","integer","20","overall","overall"
8,"Barts Health","omop_table","death","year","2014","incidence_records",NA,"count","integer","15","overall","overall"
8,"Barts Health","omop_table","death","year","2020","incidence_records",NA,"count","integer","19","overall","overall"
8,"Barts Health","omop_table","death","year","2011","incidence_records",NA,"count","integer",NA,"overall","overall"
8,"Barts Health","omop_table","death","year","2017","incidence_records",NA,"count","integer","9","overall","overall"
8,"Barts Health","omop_table","death","year","2012","incidence_records",NA,"count","integer","12","overall","overall"
8,"Barts Health","omop_table","death","year","2018","incidence_records",NA,"count","integer","13","overall","overall"
8,"Barts Health","omop_table","death","year","2009","incidence_records",NA,"count","integer","8","overall","overall"
8,"Barts Health","omop_table","death","year","2015","incidence_records",NA,"count","integer","12","overall","overall"
1,NA,"overall","overall","overall","overall","settings",NA,"result_type","character","summarised_incident_counts","overall","overall"
1,NA,"overall","overall","overall","overall","settings",NA,"package_name","character","omopSketch","overall","overall"
1,NA,"overall","overall","overall","overall","settings",NA,"package_version","character","0.0.0","overall","overall"
1,NA,"overall","overall","overall","overall","settings",NA,"min_cell_count","integer","8","overall","overall"
2,NA,"overall","overall","overall","overall","settings",NA,"result_type","character","summarised_incident_counts","overall","overall"
2,NA,"overall","overall","overall","overall","settings",NA,"package_name","character","omopSketch","overall","overall"
2,NA,"overall","overall","overall","overall","settings",NA,"package_version","character","0.0.0","overall","overall"
2,NA,"overall","overall","overall","overall","settings",NA,"min_cell_count","integer","8","overall","overall"
3,NA,"overall","overall","overall","overall","settings",NA,"result_type","character","summarised_incident_counts","overall","overall"
3,NA,"overall","overall","overall","overall","settings",NA,"package_name","character","omopSketch","overall","overall"
3,NA,"overall","overall","overall","overall","settings",NA,"package_version","character","0.0.0","overall","overall"
3,NA,"overall","overall","overall","overall","settings",NA,"min_cell_count","integer","8","overall","overall"
4,NA,"overall","overall","overall","overall","settings",NA,"result_type","character","summarised_incident_counts","overall","overall"
4,NA,"overall","overall","overall","overall","settings",NA,"package_name","character","omopSketch","overall","overall"
4,NA,"overall","overall","overall","overall","settings",NA,"package_version","character","0.0.0","overall","overall"
4,NA,"overall","overall","overall","overall","settings",NA,"min_cell_count","integer","8","overall","overall"
5,NA,"overall","overall","overall","overall","settings",NA,"result_type","character","summarised_incident_counts","overall","overall"
5,NA,"overall","overall","overall","overall","settings",NA,"package_name","character","omopSketch","overall","overall"
5,NA,"overall","overall","overall","overall","settings",NA,"package_version","character","0.0.0","overall","overall"
5,NA,"overall","overall","overall","overall","settings",NA,"min_cell_count","integer","8","overall","overall"
6,NA,"overall","overall","overall","overall","settings",NA,"result_type","character","summarised_incident_counts","overall","overall"
6,NA,"overall","overall","overall","overall","settings",NA,"package_name","character","omopSketch","overall","overall"
6,NA,"overall","overall","overall","overall","settings",NA,"package_version","character","0.0.0","overall","overall"
6,NA,"overall","overall","overall","overall","settings",NA,"min_cell_count","integer","8","overall","overall"
7,NA,"overall","overall","overall","overall","settings",NA,"result_type","character","summarised_incident_counts","overall","overall"
7,NA,"overall","overall","overall","overall","settings",NA,"package_name","character","omopSketch","overall","overall"
7,NA,"overall","overall","overall","overall","settings",NA,"package_version","character","0.0.0","overall","overall"
7,NA,"overall","overall","overall","overall","settings",NA,"min_cell_count","integer","8","overall","overall"
8,NA,"overall","overall","overall","overall","settings",NA,"result_type","character","summarised_incident_counts","overall","overall"
8,NA,"overall","overall","overall","overall","settings",NA,"package_name","character","omopSketch","overall","overall"
8,NA,"overall","overall","overall","overall","settings",NA,"package_version","character","0.0.0","overall","overall"
8,NA,"overall","overall","overall","overall","settings",NA,"min_cell_count","integer","8","overall","overall"
