result_id,cdm_name,group_name,group_level,strata_name,strata_level,variable_name,variable_level,estimate_name,estimate_type,estimate_value,additional_name,additional_level
1,GiBleed,cohort_name,denominator,overall,overall,follow-up,11284 to 11686,count,integer,NA,overall,overall
1,GiBleed,cohort_name,denominator,overall,overall,follow-up,11687 to 12089,count,integer,NA,overall,overall
1,GiBleed,cohort_name,denominator,overall,overall,follow-up,12090 to 12492,count,integer,9,overall,overall
1,GiBleed,cohort_name,denominator,overall,overall,follow-up,12493 to 12895,count,integer,25,overall,overall
1,GiBleed,cohort_name,denominator,overall,overall,follow-up,12896 to 13298,count,integer,18,overall,overall
1,GiBleed,cohort_name,denominator,overall,overall,follow-up,13299 to 13701,count,integer,37,overall,overall
1,GiBleed,cohort_name,denominator,overall,overall,follow-up,13702 to 14104,count,integer,42,overall,overall
1,GiBleed,cohort_name,denominator,overall,overall,follow-up,14105 to 14507,count,integer,29,overall,overall
1,GiBleed,cohort_name,denominator,overall,overall,follow-up,14508 to 14910,count,integer,68,overall,overall
1,GiBleed,cohort_name,denominator,overall,overall,follow-up,14911 to 15313,count,integer,42,overall,overall
1,GiBleed,cohort_name,denominator,overall,overall,follow-up,15314 to 15716,count,integer,70,overall,overall
1,GiBleed,cohort_name,denominator,overall,overall,follow-up,15717 to 16119,count,integer,81,overall,overall
1,GiBleed,cohort_name,denominator,overall,overall,follow-up,16120 to 16522,count,integer,49,overall,overall
1,GiBleed,cohort_name,denominator,overall,overall,follow-up,16523 to 16925,count,integer,106,overall,overall
1,GiBleed,cohort_name,denominator,overall,overall,follow-up,16926 to 17328,count,integer,61,overall,overall
1,GiBleed,cohort_name,denominator,overall,overall,follow-up,17329 to 17731,count,integer,104,overall,overall
1,GiBleed,cohort_name,denominator,overall,overall,follow-up,17732 to 18134,count,integer,36,overall,overall
1,GiBleed,cohort_name,denominator,overall,overall,follow-up,18135 to 18537,count,integer,82,overall,overall
1,GiBleed,cohort_name,denominator,overall,overall,follow-up,18538 to 18940,count,integer,76,overall,overall
1,GiBleed,cohort_name,denominator,overall,overall,follow-up,18941 to 19343,count,integer,75,overall,overall
1,GiBleed,cohort_name,denominator,overall,overall,follow-up,19344 to 19746,count,integer,86,overall,overall
1,GiBleed,cohort_name,denominator,overall,overall,follow-up,19747 to 20149,count,integer,106,overall,overall
1,GiBleed,cohort_name,denominator,overall,overall,follow-up,20150 to 20552,count,integer,81,overall,overall
1,GiBleed,cohort_name,denominator,overall,overall,follow-up,20553 to 20955,count,integer,70,overall,overall
1,GiBleed,cohort_name,denominator,overall,overall,follow-up,20956 to 21358,count,integer,85,overall,overall
1,GiBleed,cohort_name,denominator,overall,overall,follow-up,21359 to 21761,count,integer,90,overall,overall
1,GiBleed,cohort_name,denominator,overall,overall,follow-up,21762 to 22164,count,integer,81,overall,overall
1,GiBleed,cohort_name,denominator,overall,overall,follow-up,22165 to 22567,count,integer,53,overall,overall
1,GiBleed,cohort_name,denominator,overall,overall,follow-up,22568 to 22970,count,integer,70,overall,overall
1,GiBleed,cohort_name,denominator,overall,overall,follow-up,22971 to 23373,count,integer,83,overall,overall
1,GiBleed,cohort_name,denominator,overall,overall,follow-up,23374 to 23776,count,integer,70,overall,overall
1,GiBleed,cohort_name,denominator,overall,overall,follow-up,23777 to 24179,count,integer,40,overall,overall
1,GiBleed,cohort_name,denominator,overall,overall,follow-up,24180 to 24582,count,integer,71,overall,overall
1,GiBleed,cohort_name,denominator,overall,overall,follow-up,24583 to 24985,count,integer,76,overall,overall
1,GiBleed,cohort_name,denominator,overall,overall,follow-up,24986 to 25388,count,integer,40,overall,overall
1,GiBleed,cohort_name,denominator,overall,overall,follow-up,25389 to 25791,count,integer,33,overall,overall
1,GiBleed,cohort_name,denominator,overall,overall,follow-up,25792 to 26194,count,integer,31,overall,overall
1,GiBleed,cohort_name,denominator,overall,overall,follow-up,26195 to 26597,count,integer,45,overall,overall
1,GiBleed,cohort_name,denominator,overall,overall,follow-up,26598 to 27000,count,integer,41,overall,overall
1,GiBleed,cohort_name,denominator,overall,overall,follow-up,27001 to 27403,count,integer,39,overall,overall
1,GiBleed,cohort_name,denominator,overall,overall,follow-up,27404 to 27806,count,integer,31,overall,overall
1,GiBleed,cohort_name,denominator,overall,overall,follow-up,27807 to 28209,count,integer,24,overall,overall
1,GiBleed,cohort_name,denominator,overall,overall,follow-up,28210 to 28612,count,integer,24,overall,overall
1,GiBleed,cohort_name,denominator,overall,overall,follow-up,28613 to 29015,count,integer,34,overall,overall
1,GiBleed,cohort_name,denominator,overall,overall,follow-up,29016 to 29418,count,integer,31,overall,overall
1,GiBleed,cohort_name,denominator,overall,overall,follow-up,29419 to 29821,count,integer,26,overall,overall
1,GiBleed,cohort_name,denominator,overall,overall,follow-up,29822 to 30224,count,integer,34,overall,overall
1,GiBleed,cohort_name,denominator,overall,overall,follow-up,30225 to 30627,count,integer,25,overall,overall
1,GiBleed,cohort_name,denominator,overall,overall,follow-up,30628 to 31030,count,integer,19,overall,overall
1,GiBleed,cohort_name,denominator,overall,overall,follow-up,31031 to 31433,count,integer,8,overall,overall
1,GiBleed,cohort_name,denominator,overall,overall,follow-up,31434 to 31836,count,integer,NA,overall,overall
1,GiBleed,cohort_name,denominator,overall,overall,follow-up,31837 to 32239,count,integer,11,overall,overall
1,GiBleed,cohort_name,denominator,overall,overall,follow-up,32240 to 32642,count,integer,NA,overall,overall
1,GiBleed,cohort_name,denominator,overall,overall,follow-up,32643 to 33045,count,integer,10,overall,overall
1,GiBleed,cohort_name,denominator,overall,overall,follow-up,33046 to 33448,count,integer,NA,overall,overall
1,GiBleed,cohort_name,denominator,overall,overall,follow-up,33449 to 33851,count,integer,9,overall,overall
1,GiBleed,cohort_name,denominator,overall,overall,follow-up,33852 to 34254,count,integer,NA,overall,overall
1,GiBleed,cohort_name,denominator,overall,overall,follow-up,34255 to 34657,count,integer,8,overall,overall
1,GiBleed,cohort_name,denominator,overall,overall,follow-up,34658 to 35060,count,integer,NA,overall,overall
1,GiBleed,cohort_name,denominator,overall,overall,follow-up,35061 to 35463,count,integer,NA,overall,overall
1,GiBleed,cohort_name,denominator,overall,overall,follow-up,35464 to 35866,count,integer,NA,overall,overall
1,GiBleed,cohort_name,denominator,overall,overall,follow-up,35867 to 36269,count,integer,NA,overall,overall
1,GiBleed,cohort_name,denominator,overall,overall,follow-up,36673 to 37075,count,integer,NA,overall,overall
1,GiBleed,cohort_name,denominator,overall,overall,follow-up,37076 to 37478,count,integer,NA,overall,overall
1,GiBleed,cohort_name,denominator,overall,overall,follow-up,37479 to 37881,count,integer,NA,overall,overall
1,GiBleed,cohort_name,denominator,overall,overall,follow-up,37882 to 38284,count,integer,NA,overall,overall
1,GiBleed,cohort_name,denominator,overall,overall,follow-up,38285 to 38687,count,integer,NA,overall,overall
1,GiBleed,cohort_name,denominator,overall,overall,follow-up,38688 to 39090,count,integer,NA,overall,overall
1,GiBleed,cohort_name,denominator,overall,overall,follow-up,39091 to 39493,count,integer,NA,overall,overall
1,GiBleed,cohort_name,denominator,overall,overall,follow-up,39494 to 39896,count,integer,NA,overall,overall
1,GiBleed,cohort_name,denominator,overall,overall,follow-up,39897 to 40299,count,integer,8,overall,overall
1,GiBleed,cohort_name,denominator,overall,overall,follow-up,40300 to 40702,count,integer,NA,overall,overall
1,GiBleed,cohort_name,denominator,sex,Female,follow-up,11284 to 11686,count,integer,NA,overall,overall
1,GiBleed,cohort_name,denominator,sex,Male,follow-up,11284 to 11686,count,integer,NA,overall,overall
1,GiBleed,cohort_name,denominator,sex,Female,follow-up,11687 to 12089,count,integer,NA,overall,overall
1,GiBleed,cohort_name,denominator,sex,Male,follow-up,11687 to 12089,count,integer,NA,overall,overall
1,GiBleed,cohort_name,denominator,sex,Female,follow-up,12090 to 12492,count,integer,NA,overall,overall
1,GiBleed,cohort_name,denominator,sex,Male,follow-up,12090 to 12492,count,integer,NA,overall,overall
1,GiBleed,cohort_name,denominator,sex,Female,follow-up,12493 to 12895,count,integer,13,overall,overall
1,GiBleed,cohort_name,denominator,sex,Male,follow-up,12493 to 12895,count,integer,12,overall,overall
1,GiBleed,cohort_name,denominator,sex,Female,follow-up,12896 to 13298,count,integer,NA,overall,overall
1,GiBleed,cohort_name,denominator,sex,Male,follow-up,12896 to 13298,count,integer,11,overall,overall
1,GiBleed,cohort_name,denominator,sex,Female,follow-up,13299 to 13701,count,integer,17,overall,overall
1,GiBleed,cohort_name,denominator,sex,Male,follow-up,13299 to 13701,count,integer,20,overall,overall
1,GiBleed,cohort_name,denominator,sex,Female,follow-up,13702 to 14104,count,integer,28,overall,overall
1,GiBleed,cohort_name,denominator,sex,Male,follow-up,13702 to 14104,count,integer,14,overall,overall
1,GiBleed,cohort_name,denominator,sex,Female,follow-up,14105 to 14507,count,integer,14,overall,overall
1,GiBleed,cohort_name,denominator,sex,Male,follow-up,14105 to 14507,count,integer,15,overall,overall
1,GiBleed,cohort_name,denominator,sex,Female,follow-up,14508 to 14910,count,integer,34,overall,overall
1,GiBleed,cohort_name,denominator,sex,Male,follow-up,14508 to 14910,count,integer,34,overall,overall
1,GiBleed,cohort_name,denominator,sex,Female,follow-up,14911 to 15313,count,integer,27,overall,overall
1,GiBleed,cohort_name,denominator,sex,Male,follow-up,14911 to 15313,count,integer,15,overall,overall
1,GiBleed,cohort_name,denominator,sex,Female,follow-up,15314 to 15716,count,integer,36,overall,overall
1,GiBleed,cohort_name,denominator,sex,Male,follow-up,15314 to 15716,count,integer,34,overall,overall
1,GiBleed,cohort_name,denominator,sex,Female,follow-up,15717 to 16119,count,integer,48,overall,overall
1,GiBleed,cohort_name,denominator,sex,Male,follow-up,15717 to 16119,count,integer,33,overall,overall
1,GiBleed,cohort_name,denominator,sex,Female,follow-up,16120 to 16522,count,integer,24,overall,overall
1,GiBleed,cohort_name,denominator,sex,Male,follow-up,16120 to 16522,count,integer,25,overall,overall
1,GiBleed,cohort_name,denominator,sex,Female,follow-up,16523 to 16925,count,integer,50,overall,overall
1,GiBleed,cohort_name,denominator,sex,Male,follow-up,16523 to 16925,count,integer,56,overall,overall
1,GiBleed,cohort_name,denominator,sex,Female,follow-up,16926 to 17328,count,integer,31,overall,overall
1,GiBleed,cohort_name,denominator,sex,Male,follow-up,16926 to 17328,count,integer,30,overall,overall
1,GiBleed,cohort_name,denominator,sex,Female,follow-up,17329 to 17731,count,integer,56,overall,overall
1,GiBleed,cohort_name,denominator,sex,Male,follow-up,17329 to 17731,count,integer,48,overall,overall
1,GiBleed,cohort_name,denominator,sex,Female,follow-up,17732 to 18134,count,integer,16,overall,overall
1,GiBleed,cohort_name,denominator,sex,Male,follow-up,17732 to 18134,count,integer,20,overall,overall
1,GiBleed,cohort_name,denominator,sex,Female,follow-up,18135 to 18537,count,integer,39,overall,overall
1,GiBleed,cohort_name,denominator,sex,Male,follow-up,18135 to 18537,count,integer,43,overall,overall
1,GiBleed,cohort_name,denominator,sex,Female,follow-up,18538 to 18940,count,integer,36,overall,overall
1,GiBleed,cohort_name,denominator,sex,Male,follow-up,18538 to 18940,count,integer,40,overall,overall
1,GiBleed,cohort_name,denominator,sex,Female,follow-up,18941 to 19343,count,integer,39,overall,overall
1,GiBleed,cohort_name,denominator,sex,Male,follow-up,18941 to 19343,count,integer,36,overall,overall
1,GiBleed,cohort_name,denominator,sex,Female,follow-up,19344 to 19746,count,integer,48,overall,overall
1,GiBleed,cohort_name,denominator,sex,Male,follow-up,19344 to 19746,count,integer,38,overall,overall
1,GiBleed,cohort_name,denominator,sex,Female,follow-up,19747 to 20149,count,integer,51,overall,overall
1,GiBleed,cohort_name,denominator,sex,Male,follow-up,19747 to 20149,count,integer,55,overall,overall
1,GiBleed,cohort_name,denominator,sex,Female,follow-up,20150 to 20552,count,integer,45,overall,overall
1,GiBleed,cohort_name,denominator,sex,Male,follow-up,20150 to 20552,count,integer,36,overall,overall
1,GiBleed,cohort_name,denominator,sex,Female,follow-up,20553 to 20955,count,integer,33,overall,overall
1,GiBleed,cohort_name,denominator,sex,Male,follow-up,20553 to 20955,count,integer,37,overall,overall
1,GiBleed,cohort_name,denominator,sex,Female,follow-up,20956 to 21358,count,integer,39,overall,overall
1,GiBleed,cohort_name,denominator,sex,Male,follow-up,20956 to 21358,count,integer,46,overall,overall
1,GiBleed,cohort_name,denominator,sex,Female,follow-up,21359 to 21761,count,integer,49,overall,overall
1,GiBleed,cohort_name,denominator,sex,Male,follow-up,21359 to 21761,count,integer,41,overall,overall
1,GiBleed,cohort_name,denominator,sex,Female,follow-up,21762 to 22164,count,integer,35,overall,overall
1,GiBleed,cohort_name,denominator,sex,Male,follow-up,21762 to 22164,count,integer,46,overall,overall
1,GiBleed,cohort_name,denominator,sex,Female,follow-up,22165 to 22567,count,integer,24,overall,overall
1,GiBleed,cohort_name,denominator,sex,Male,follow-up,22165 to 22567,count,integer,29,overall,overall
1,GiBleed,cohort_name,denominator,sex,Female,follow-up,22568 to 22970,count,integer,32,overall,overall
1,GiBleed,cohort_name,denominator,sex,Male,follow-up,22568 to 22970,count,integer,38,overall,overall
1,GiBleed,cohort_name,denominator,sex,Female,follow-up,22971 to 23373,count,integer,45,overall,overall
1,GiBleed,cohort_name,denominator,sex,Male,follow-up,22971 to 23373,count,integer,38,overall,overall
1,GiBleed,cohort_name,denominator,sex,Female,follow-up,23374 to 23776,count,integer,38,overall,overall
1,GiBleed,cohort_name,denominator,sex,Male,follow-up,23374 to 23776,count,integer,32,overall,overall
1,GiBleed,cohort_name,denominator,sex,Female,follow-up,23777 to 24179,count,integer,24,overall,overall
1,GiBleed,cohort_name,denominator,sex,Male,follow-up,23777 to 24179,count,integer,16,overall,overall
1,GiBleed,cohort_name,denominator,sex,Female,follow-up,24180 to 24582,count,integer,34,overall,overall
1,GiBleed,cohort_name,denominator,sex,Male,follow-up,24180 to 24582,count,integer,37,overall,overall
1,GiBleed,cohort_name,denominator,sex,Female,follow-up,24583 to 24985,count,integer,39,overall,overall
1,GiBleed,cohort_name,denominator,sex,Male,follow-up,24583 to 24985,count,integer,37,overall,overall
1,GiBleed,cohort_name,denominator,sex,Female,follow-up,24986 to 25388,count,integer,14,overall,overall
1,GiBleed,cohort_name,denominator,sex,Male,follow-up,24986 to 25388,count,integer,26,overall,overall
1,GiBleed,cohort_name,denominator,sex,Female,follow-up,25389 to 25791,count,integer,16,overall,overall
1,GiBleed,cohort_name,denominator,sex,Male,follow-up,25389 to 25791,count,integer,17,overall,overall
1,GiBleed,cohort_name,denominator,sex,Female,follow-up,25792 to 26194,count,integer,13,overall,overall
1,GiBleed,cohort_name,denominator,sex,Male,follow-up,25792 to 26194,count,integer,18,overall,overall
1,GiBleed,cohort_name,denominator,sex,Female,follow-up,26195 to 26597,count,integer,21,overall,overall
1,GiBleed,cohort_name,denominator,sex,Male,follow-up,26195 to 26597,count,integer,24,overall,overall
1,GiBleed,cohort_name,denominator,sex,Female,follow-up,26598 to 27000,count,integer,19,overall,overall
1,GiBleed,cohort_name,denominator,sex,Male,follow-up,26598 to 27000,count,integer,22,overall,overall
1,GiBleed,cohort_name,denominator,sex,Female,follow-up,27001 to 27403,count,integer,22,overall,overall
1,GiBleed,cohort_name,denominator,sex,Male,follow-up,27001 to 27403,count,integer,17,overall,overall
1,GiBleed,cohort_name,denominator,sex,Female,follow-up,27404 to 27806,count,integer,15,overall,overall
1,GiBleed,cohort_name,denominator,sex,Male,follow-up,27404 to 27806,count,integer,16,overall,overall
1,GiBleed,cohort_name,denominator,sex,Female,follow-up,27807 to 28209,count,integer,11,overall,overall
1,GiBleed,cohort_name,denominator,sex,Male,follow-up,27807 to 28209,count,integer,13,overall,overall
1,GiBleed,cohort_name,denominator,sex,Female,follow-up,28210 to 28612,count,integer,12,overall,overall
1,GiBleed,cohort_name,denominator,sex,Male,follow-up,28210 to 28612,count,integer,12,overall,overall
1,GiBleed,cohort_name,denominator,sex,Female,follow-up,28613 to 29015,count,integer,16,overall,overall
1,GiBleed,cohort_name,denominator,sex,Male,follow-up,28613 to 29015,count,integer,18,overall,overall
1,GiBleed,cohort_name,denominator,sex,Female,follow-up,29016 to 29418,count,integer,19,overall,overall
1,GiBleed,cohort_name,denominator,sex,Male,follow-up,29016 to 29418,count,integer,12,overall,overall
1,GiBleed,cohort_name,denominator,sex,Female,follow-up,29419 to 29821,count,integer,13,overall,overall
1,GiBleed,cohort_name,denominator,sex,Male,follow-up,29419 to 29821,count,integer,13,overall,overall
1,GiBleed,cohort_name,denominator,sex,Female,follow-up,29822 to 30224,count,integer,19,overall,overall
1,GiBleed,cohort_name,denominator,sex,Male,follow-up,29822 to 30224,count,integer,15,overall,overall
1,GiBleed,cohort_name,denominator,sex,Female,follow-up,30225 to 30627,count,integer,14,overall,overall
1,GiBleed,cohort_name,denominator,sex,Male,follow-up,30225 to 30627,count,integer,11,overall,overall
1,GiBleed,cohort_name,denominator,sex,Female,follow-up,30628 to 31030,count,integer,12,overall,overall
1,GiBleed,cohort_name,denominator,sex,Male,follow-up,30628 to 31030,count,integer,NA,overall,overall
1,GiBleed,cohort_name,denominator,sex,Female,follow-up,31031 to 31433,count,integer,NA,overall,overall
1,GiBleed,cohort_name,denominator,sex,Male,follow-up,31031 to 31433,count,integer,NA,overall,overall
1,GiBleed,cohort_name,denominator,sex,Female,follow-up,31434 to 31836,count,integer,NA,overall,overall
1,GiBleed,cohort_name,denominator,sex,Male,follow-up,31434 to 31836,count,integer,NA,overall,overall
1,GiBleed,cohort_name,denominator,sex,Female,follow-up,31837 to 32239,count,integer,NA,overall,overall
1,GiBleed,cohort_name,denominator,sex,Male,follow-up,31837 to 32239,count,integer,NA,overall,overall
1,GiBleed,cohort_name,denominator,sex,Female,follow-up,32240 to 32642,count,integer,NA,overall,overall
1,GiBleed,cohort_name,denominator,sex,Male,follow-up,32240 to 32642,count,integer,NA,overall,overall
1,GiBleed,cohort_name,denominator,sex,Female,follow-up,32643 to 33045,count,integer,9,overall,overall
1,GiBleed,cohort_name,denominator,sex,Male,follow-up,32643 to 33045,count,integer,NA,overall,overall
1,GiBleed,cohort_name,denominator,sex,Female,follow-up,33046 to 33448,count,integer,NA,overall,overall
1,GiBleed,cohort_name,denominator,sex,Male,follow-up,33046 to 33448,count,integer,NA,overall,overall
1,GiBleed,cohort_name,denominator,sex,Female,follow-up,33449 to 33851,count,integer,NA,overall,overall
1,GiBleed,cohort_name,denominator,sex,Male,follow-up,33449 to 33851,count,integer,NA,overall,overall
1,GiBleed,cohort_name,denominator,sex,Female,follow-up,33852 to 34254,count,integer,NA,overall,overall
1,GiBleed,cohort_name,denominator,sex,Male,follow-up,33852 to 34254,count,integer,NA,overall,overall
1,GiBleed,cohort_name,denominator,sex,Female,follow-up,34255 to 34657,count,integer,NA,overall,overall
1,GiBleed,cohort_name,denominator,sex,Male,follow-up,34255 to 34657,count,integer,NA,overall,overall
1,GiBleed,cohort_name,denominator,sex,Female,follow-up,34658 to 35060,count,integer,NA,overall,overall
1,GiBleed,cohort_name,denominator,sex,Male,follow-up,34658 to 35060,count,integer,NA,overall,overall
1,GiBleed,cohort_name,denominator,sex,Female,follow-up,35061 to 35463,count,integer,NA,overall,overall
1,GiBleed,cohort_name,denominator,sex,Male,follow-up,35061 to 35463,count,integer,NA,overall,overall
1,GiBleed,cohort_name,denominator,sex,Female,follow-up,35464 to 35866,count,integer,NA,overall,overall
1,GiBleed,cohort_name,denominator,sex,Male,follow-up,35464 to 35866,count,integer,NA,overall,overall
1,GiBleed,cohort_name,denominator,sex,Female,follow-up,35867 to 36269,count,integer,NA,overall,overall
1,GiBleed,cohort_name,denominator,sex,Male,follow-up,35867 to 36269,count,integer,NA,overall,overall
1,GiBleed,cohort_name,denominator,sex,Male,follow-up,36673 to 37075,count,integer,NA,overall,overall
1,GiBleed,cohort_name,denominator,sex,Female,follow-up,37076 to 37478,count,integer,NA,overall,overall
1,GiBleed,cohort_name,denominator,sex,Male,follow-up,37076 to 37478,count,integer,NA,overall,overall
1,GiBleed,cohort_name,denominator,sex,Female,follow-up,37479 to 37881,count,integer,NA,overall,overall
1,GiBleed,cohort_name,denominator,sex,Male,follow-up,37479 to 37881,count,integer,NA,overall,overall
1,GiBleed,cohort_name,denominator,sex,Female,follow-up,37882 to 38284,count,integer,NA,overall,overall
1,GiBleed,cohort_name,denominator,sex,Male,follow-up,37882 to 38284,count,integer,NA,overall,overall
1,GiBleed,cohort_name,denominator,sex,Female,follow-up,38285 to 38687,count,integer,NA,overall,overall
1,GiBleed,cohort_name,denominator,sex,Male,follow-up,38285 to 38687,count,integer,NA,overall,overall
1,GiBleed,cohort_name,denominator,sex,Female,follow-up,38688 to 39090,count,integer,NA,overall,overall
1,GiBleed,cohort_name,denominator,sex,Male,follow-up,38688 to 39090,count,integer,NA,overall,overall
1,GiBleed,cohort_name,denominator,sex,Female,follow-up,39091 to 39493,count,integer,NA,overall,overall
1,GiBleed,cohort_name,denominator,sex,Male,follow-up,39091 to 39493,count,integer,NA,overall,overall
1,GiBleed,cohort_name,denominator,sex,Female,follow-up,39494 to 39896,count,integer,NA,overall,overall
1,GiBleed,cohort_name,denominator,sex,Male,follow-up,39494 to 39896,count,integer,NA,overall,overall
1,GiBleed,cohort_name,denominator,sex,Female,follow-up,39897 to 40299,count,integer,NA,overall,overall
1,GiBleed,cohort_name,denominator,sex,Male,follow-up,39897 to 40299,count,integer,NA,overall,overall
1,GiBleed,cohort_name,denominator,sex,Female,follow-up,40300 to 40702,count,integer,NA,overall,overall
1,GiBleed,cohort_name,denominator,age_group_at_entry,0 to 19,follow-up,11284 to 11686,count,integer,NA,overall,overall
1,GiBleed,cohort_name,denominator,age_group_at_entry,0 to 19,follow-up,11687 to 12089,count,integer,NA,overall,overall
1,GiBleed,cohort_name,denominator,age_group_at_entry,0 to 19,follow-up,12090 to 12492,count,integer,9,overall,overall
1,GiBleed,cohort_name,denominator,age_group_at_entry,0 to 19,follow-up,12493 to 12895,count,integer,25,overall,overall
1,GiBleed,cohort_name,denominator,age_group_at_entry,0 to 19,follow-up,12896 to 13298,count,integer,18,overall,overall
1,GiBleed,cohort_name,denominator,age_group_at_entry,0 to 19,follow-up,13299 to 13701,count,integer,37,overall,overall
1,GiBleed,cohort_name,denominator,age_group_at_entry,0 to 19,follow-up,13702 to 14104,count,integer,42,overall,overall
1,GiBleed,cohort_name,denominator,age_group_at_entry,0 to 19,follow-up,14105 to 14507,count,integer,29,overall,overall
1,GiBleed,cohort_name,denominator,age_group_at_entry,0 to 19,follow-up,14508 to 14910,count,integer,68,overall,overall
1,GiBleed,cohort_name,denominator,age_group_at_entry,0 to 19,follow-up,14911 to 15313,count,integer,42,overall,overall
1,GiBleed,cohort_name,denominator,age_group_at_entry,0 to 19,follow-up,15314 to 15716,count,integer,70,overall,overall
1,GiBleed,cohort_name,denominator,age_group_at_entry,0 to 19,follow-up,15717 to 16119,count,integer,81,overall,overall
1,GiBleed,cohort_name,denominator,age_group_at_entry,0 to 19,follow-up,16120 to 16522,count,integer,49,overall,overall
1,GiBleed,cohort_name,denominator,age_group_at_entry,0 to 19,follow-up,16523 to 16925,count,integer,106,overall,overall
1,GiBleed,cohort_name,denominator,age_group_at_entry,0 to 19,follow-up,16926 to 17328,count,integer,61,overall,overall
1,GiBleed,cohort_name,denominator,age_group_at_entry,0 to 19,follow-up,17329 to 17731,count,integer,104,overall,overall
1,GiBleed,cohort_name,denominator,age_group_at_entry,0 to 19,follow-up,17732 to 18134,count,integer,36,overall,overall
1,GiBleed,cohort_name,denominator,age_group_at_entry,0 to 19,follow-up,18135 to 18537,count,integer,82,overall,overall
1,GiBleed,cohort_name,denominator,age_group_at_entry,0 to 19,follow-up,18538 to 18940,count,integer,76,overall,overall
1,GiBleed,cohort_name,denominator,age_group_at_entry,0 to 19,follow-up,18941 to 19343,count,integer,75,overall,overall
1,GiBleed,cohort_name,denominator,age_group_at_entry,0 to 19,follow-up,19344 to 19746,count,integer,86,overall,overall
1,GiBleed,cohort_name,denominator,age_group_at_entry,0 to 19,follow-up,19747 to 20149,count,integer,106,overall,overall
1,GiBleed,cohort_name,denominator,age_group_at_entry,0 to 19,follow-up,20150 to 20552,count,integer,81,overall,overall
1,GiBleed,cohort_name,denominator,age_group_at_entry,0 to 19,follow-up,20553 to 20955,count,integer,70,overall,overall
1,GiBleed,cohort_name,denominator,age_group_at_entry,0 to 19,follow-up,20956 to 21358,count,integer,85,overall,overall
1,GiBleed,cohort_name,denominator,age_group_at_entry,0 to 19,follow-up,21359 to 21761,count,integer,90,overall,overall
1,GiBleed,cohort_name,denominator,age_group_at_entry,0 to 19,follow-up,21762 to 22164,count,integer,81,overall,overall
1,GiBleed,cohort_name,denominator,age_group_at_entry,0 to 19,follow-up,22165 to 22567,count,integer,53,overall,overall
1,GiBleed,cohort_name,denominator,age_group_at_entry,0 to 19,follow-up,22568 to 22970,count,integer,70,overall,overall
1,GiBleed,cohort_name,denominator,age_group_at_entry,0 to 19,follow-up,22971 to 23373,count,integer,83,overall,overall
1,GiBleed,cohort_name,denominator,age_group_at_entry,0 to 19,follow-up,23374 to 23776,count,integer,70,overall,overall
1,GiBleed,cohort_name,denominator,age_group_at_entry,0 to 19,follow-up,23777 to 24179,count,integer,40,overall,overall
1,GiBleed,cohort_name,denominator,age_group_at_entry,0 to 19,follow-up,24180 to 24582,count,integer,71,overall,overall
1,GiBleed,cohort_name,denominator,age_group_at_entry,0 to 19,follow-up,24583 to 24985,count,integer,76,overall,overall
1,GiBleed,cohort_name,denominator,age_group_at_entry,0 to 19,follow-up,24986 to 25388,count,integer,40,overall,overall
1,GiBleed,cohort_name,denominator,age_group_at_entry,0 to 19,follow-up,25389 to 25791,count,integer,33,overall,overall
1,GiBleed,cohort_name,denominator,age_group_at_entry,0 to 19,follow-up,25792 to 26194,count,integer,31,overall,overall
1,GiBleed,cohort_name,denominator,age_group_at_entry,0 to 19,follow-up,26195 to 26597,count,integer,45,overall,overall
1,GiBleed,cohort_name,denominator,age_group_at_entry,0 to 19,follow-up,26598 to 27000,count,integer,41,overall,overall
1,GiBleed,cohort_name,denominator,age_group_at_entry,0 to 19,follow-up,27001 to 27403,count,integer,39,overall,overall
1,GiBleed,cohort_name,denominator,age_group_at_entry,0 to 19,follow-up,27404 to 27806,count,integer,31,overall,overall
1,GiBleed,cohort_name,denominator,age_group_at_entry,0 to 19,follow-up,27807 to 28209,count,integer,24,overall,overall
1,GiBleed,cohort_name,denominator,age_group_at_entry,0 to 19,follow-up,28210 to 28612,count,integer,24,overall,overall
1,GiBleed,cohort_name,denominator,age_group_at_entry,0 to 19,follow-up,28613 to 29015,count,integer,34,overall,overall
1,GiBleed,cohort_name,denominator,age_group_at_entry,0 to 19,follow-up,29016 to 29418,count,integer,31,overall,overall
1,GiBleed,cohort_name,denominator,age_group_at_entry,0 to 19,follow-up,29419 to 29821,count,integer,26,overall,overall
1,GiBleed,cohort_name,denominator,age_group_at_entry,0 to 19,follow-up,29822 to 30224,count,integer,34,overall,overall
1,GiBleed,cohort_name,denominator,age_group_at_entry,0 to 19,follow-up,30225 to 30627,count,integer,25,overall,overall
1,GiBleed,cohort_name,denominator,age_group_at_entry,0 to 19,follow-up,30628 to 31030,count,integer,19,overall,overall
1,GiBleed,cohort_name,denominator,age_group_at_entry,0 to 19,follow-up,31031 to 31433,count,integer,8,overall,overall
1,GiBleed,cohort_name,denominator,age_group_at_entry,0 to 19,follow-up,31434 to 31836,count,integer,NA,overall,overall
1,GiBleed,cohort_name,denominator,age_group_at_entry,0 to 19,follow-up,31837 to 32239,count,integer,11,overall,overall
1,GiBleed,cohort_name,denominator,age_group_at_entry,0 to 19,follow-up,32240 to 32642,count,integer,NA,overall,overall
1,GiBleed,cohort_name,denominator,age_group_at_entry,0 to 19,follow-up,32643 to 33045,count,integer,10,overall,overall
1,GiBleed,cohort_name,denominator,age_group_at_entry,0 to 19,follow-up,33046 to 33448,count,integer,NA,overall,overall
1,GiBleed,cohort_name,denominator,age_group_at_entry,0 to 19,follow-up,33449 to 33851,count,integer,9,overall,overall
1,GiBleed,cohort_name,denominator,age_group_at_entry,0 to 19,follow-up,33852 to 34254,count,integer,NA,overall,overall
1,GiBleed,cohort_name,denominator,age_group_at_entry,0 to 19,follow-up,34255 to 34657,count,integer,8,overall,overall
1,GiBleed,cohort_name,denominator,age_group_at_entry,0 to 19,follow-up,34658 to 35060,count,integer,NA,overall,overall
1,GiBleed,cohort_name,denominator,age_group_at_entry,0 to 19,follow-up,35061 to 35463,count,integer,NA,overall,overall
1,GiBleed,cohort_name,denominator,age_group_at_entry,0 to 19,follow-up,35464 to 35866,count,integer,NA,overall,overall
1,GiBleed,cohort_name,denominator,age_group_at_entry,0 to 19,follow-up,35867 to 36269,count,integer,NA,overall,overall
1,GiBleed,cohort_name,denominator,age_group_at_entry,0 to 19,follow-up,36673 to 37075,count,integer,NA,overall,overall
1,GiBleed,cohort_name,denominator,age_group_at_entry,0 to 19,follow-up,37076 to 37478,count,integer,NA,overall,overall
1,GiBleed,cohort_name,denominator,age_group_at_entry,0 to 19,follow-up,37479 to 37881,count,integer,NA,overall,overall
1,GiBleed,cohort_name,denominator,age_group_at_entry,0 to 19,follow-up,37882 to 38284,count,integer,NA,overall,overall
1,GiBleed,cohort_name,denominator,age_group_at_entry,0 to 19,follow-up,38285 to 38687,count,integer,NA,overall,overall
1,GiBleed,cohort_name,denominator,age_group_at_entry,0 to 19,follow-up,38688 to 39090,count,integer,NA,overall,overall
1,GiBleed,cohort_name,denominator,age_group_at_entry,0 to 19,follow-up,39091 to 39493,count,integer,NA,overall,overall
1,GiBleed,cohort_name,denominator,age_group_at_entry,0 to 19,follow-up,39494 to 39896,count,integer,NA,overall,overall
1,GiBleed,cohort_name,denominator,age_group_at_entry,0 to 19,follow-up,39897 to 40299,count,integer,8,overall,overall
1,GiBleed,cohort_name,denominator,age_group_at_entry,0 to 19,follow-up,40300 to 40702,count,integer,NA,overall,overall
1,GiBleed,cohort_name,denominator,sex &&& age_group_at_entry,Female &&& 0 to 19,follow-up,11284 to 11686,count,integer,NA,overall,overall
1,GiBleed,cohort_name,denominator,sex &&& age_group_at_entry,Male &&& 0 to 19,follow-up,11284 to 11686,count,integer,NA,overall,overall
1,GiBleed,cohort_name,denominator,sex &&& age_group_at_entry,Female &&& 0 to 19,follow-up,11687 to 12089,count,integer,NA,overall,overall
1,GiBleed,cohort_name,denominator,sex &&& age_group_at_entry,Male &&& 0 to 19,follow-up,11687 to 12089,count,integer,NA,overall,overall
1,GiBleed,cohort_name,denominator,sex &&& age_group_at_entry,Female &&& 0 to 19,follow-up,12090 to 12492,count,integer,NA,overall,overall
1,GiBleed,cohort_name,denominator,sex &&& age_group_at_entry,Male &&& 0 to 19,follow-up,12090 to 12492,count,integer,NA,overall,overall
1,GiBleed,cohort_name,denominator,sex &&& age_group_at_entry,Female &&& 0 to 19,follow-up,12493 to 12895,count,integer,13,overall,overall
1,GiBleed,cohort_name,denominator,sex &&& age_group_at_entry,Male &&& 0 to 19,follow-up,12493 to 12895,count,integer,12,overall,overall
1,GiBleed,cohort_name,denominator,sex &&& age_group_at_entry,Female &&& 0 to 19,follow-up,12896 to 13298,count,integer,NA,overall,overall
1,GiBleed,cohort_name,denominator,sex &&& age_group_at_entry,Male &&& 0 to 19,follow-up,12896 to 13298,count,integer,11,overall,overall
1,GiBleed,cohort_name,denominator,sex &&& age_group_at_entry,Female &&& 0 to 19,follow-up,13299 to 13701,count,integer,17,overall,overall
1,GiBleed,cohort_name,denominator,sex &&& age_group_at_entry,Male &&& 0 to 19,follow-up,13299 to 13701,count,integer,20,overall,overall
1,GiBleed,cohort_name,denominator,sex &&& age_group_at_entry,Female &&& 0 to 19,follow-up,13702 to 14104,count,integer,28,overall,overall
1,GiBleed,cohort_name,denominator,sex &&& age_group_at_entry,Male &&& 0 to 19,follow-up,13702 to 14104,count,integer,14,overall,overall
1,GiBleed,cohort_name,denominator,sex &&& age_group_at_entry,Female &&& 0 to 19,follow-up,14105 to 14507,count,integer,14,overall,overall
1,GiBleed,cohort_name,denominator,sex &&& age_group_at_entry,Male &&& 0 to 19,follow-up,14105 to 14507,count,integer,15,overall,overall
1,GiBleed,cohort_name,denominator,sex &&& age_group_at_entry,Female &&& 0 to 19,follow-up,14508 to 14910,count,integer,34,overall,overall
1,GiBleed,cohort_name,denominator,sex &&& age_group_at_entry,Male &&& 0 to 19,follow-up,14508 to 14910,count,integer,34,overall,overall
1,GiBleed,cohort_name,denominator,sex &&& age_group_at_entry,Female &&& 0 to 19,follow-up,14911 to 15313,count,integer,27,overall,overall
1,GiBleed,cohort_name,denominator,sex &&& age_group_at_entry,Male &&& 0 to 19,follow-up,14911 to 15313,count,integer,15,overall,overall
1,GiBleed,cohort_name,denominator,sex &&& age_group_at_entry,Female &&& 0 to 19,follow-up,15314 to 15716,count,integer,36,overall,overall
1,GiBleed,cohort_name,denominator,sex &&& age_group_at_entry,Male &&& 0 to 19,follow-up,15314 to 15716,count,integer,34,overall,overall
1,GiBleed,cohort_name,denominator,sex &&& age_group_at_entry,Female &&& 0 to 19,follow-up,15717 to 16119,count,integer,48,overall,overall
1,GiBleed,cohort_name,denominator,sex &&& age_group_at_entry,Male &&& 0 to 19,follow-up,15717 to 16119,count,integer,33,overall,overall
1,GiBleed,cohort_name,denominator,sex &&& age_group_at_entry,Female &&& 0 to 19,follow-up,16120 to 16522,count,integer,24,overall,overall
1,GiBleed,cohort_name,denominator,sex &&& age_group_at_entry,Male &&& 0 to 19,follow-up,16120 to 16522,count,integer,25,overall,overall
1,GiBleed,cohort_name,denominator,sex &&& age_group_at_entry,Female &&& 0 to 19,follow-up,16523 to 16925,count,integer,50,overall,overall
1,GiBleed,cohort_name,denominator,sex &&& age_group_at_entry,Male &&& 0 to 19,follow-up,16523 to 16925,count,integer,56,overall,overall
1,GiBleed,cohort_name,denominator,sex &&& age_group_at_entry,Female &&& 0 to 19,follow-up,16926 to 17328,count,integer,31,overall,overall
1,GiBleed,cohort_name,denominator,sex &&& age_group_at_entry,Male &&& 0 to 19,follow-up,16926 to 17328,count,integer,30,overall,overall
1,GiBleed,cohort_name,denominator,sex &&& age_group_at_entry,Female &&& 0 to 19,follow-up,17329 to 17731,count,integer,56,overall,overall
1,GiBleed,cohort_name,denominator,sex &&& age_group_at_entry,Male &&& 0 to 19,follow-up,17329 to 17731,count,integer,48,overall,overall
1,GiBleed,cohort_name,denominator,sex &&& age_group_at_entry,Female &&& 0 to 19,follow-up,17732 to 18134,count,integer,16,overall,overall
1,GiBleed,cohort_name,denominator,sex &&& age_group_at_entry,Male &&& 0 to 19,follow-up,17732 to 18134,count,integer,20,overall,overall
1,GiBleed,cohort_name,denominator,sex &&& age_group_at_entry,Female &&& 0 to 19,follow-up,18135 to 18537,count,integer,39,overall,overall
1,GiBleed,cohort_name,denominator,sex &&& age_group_at_entry,Male &&& 0 to 19,follow-up,18135 to 18537,count,integer,43,overall,overall
1,GiBleed,cohort_name,denominator,sex &&& age_group_at_entry,Female &&& 0 to 19,follow-up,18538 to 18940,count,integer,36,overall,overall
1,GiBleed,cohort_name,denominator,sex &&& age_group_at_entry,Male &&& 0 to 19,follow-up,18538 to 18940,count,integer,40,overall,overall
1,GiBleed,cohort_name,denominator,sex &&& age_group_at_entry,Female &&& 0 to 19,follow-up,18941 to 19343,count,integer,39,overall,overall
1,GiBleed,cohort_name,denominator,sex &&& age_group_at_entry,Male &&& 0 to 19,follow-up,18941 to 19343,count,integer,36,overall,overall
1,GiBleed,cohort_name,denominator,sex &&& age_group_at_entry,Female &&& 0 to 19,follow-up,19344 to 19746,count,integer,48,overall,overall
1,GiBleed,cohort_name,denominator,sex &&& age_group_at_entry,Male &&& 0 to 19,follow-up,19344 to 19746,count,integer,38,overall,overall
1,GiBleed,cohort_name,denominator,sex &&& age_group_at_entry,Female &&& 0 to 19,follow-up,19747 to 20149,count,integer,51,overall,overall
1,GiBleed,cohort_name,denominator,sex &&& age_group_at_entry,Male &&& 0 to 19,follow-up,19747 to 20149,count,integer,55,overall,overall
1,GiBleed,cohort_name,denominator,sex &&& age_group_at_entry,Female &&& 0 to 19,follow-up,20150 to 20552,count,integer,45,overall,overall
1,GiBleed,cohort_name,denominator,sex &&& age_group_at_entry,Male &&& 0 to 19,follow-up,20150 to 20552,count,integer,36,overall,overall
1,GiBleed,cohort_name,denominator,sex &&& age_group_at_entry,Female &&& 0 to 19,follow-up,20553 to 20955,count,integer,33,overall,overall
1,GiBleed,cohort_name,denominator,sex &&& age_group_at_entry,Male &&& 0 to 19,follow-up,20553 to 20955,count,integer,37,overall,overall
1,GiBleed,cohort_name,denominator,sex &&& age_group_at_entry,Female &&& 0 to 19,follow-up,20956 to 21358,count,integer,39,overall,overall
1,GiBleed,cohort_name,denominator,sex &&& age_group_at_entry,Male &&& 0 to 19,follow-up,20956 to 21358,count,integer,46,overall,overall
1,GiBleed,cohort_name,denominator,sex &&& age_group_at_entry,Female &&& 0 to 19,follow-up,21359 to 21761,count,integer,49,overall,overall
1,GiBleed,cohort_name,denominator,sex &&& age_group_at_entry,Male &&& 0 to 19,follow-up,21359 to 21761,count,integer,41,overall,overall
1,GiBleed,cohort_name,denominator,sex &&& age_group_at_entry,Female &&& 0 to 19,follow-up,21762 to 22164,count,integer,35,overall,overall
1,GiBleed,cohort_name,denominator,sex &&& age_group_at_entry,Male &&& 0 to 19,follow-up,21762 to 22164,count,integer,46,overall,overall
1,GiBleed,cohort_name,denominator,sex &&& age_group_at_entry,Female &&& 0 to 19,follow-up,22165 to 22567,count,integer,24,overall,overall
1,GiBleed,cohort_name,denominator,sex &&& age_group_at_entry,Male &&& 0 to 19,follow-up,22165 to 22567,count,integer,29,overall,overall
1,GiBleed,cohort_name,denominator,sex &&& age_group_at_entry,Female &&& 0 to 19,follow-up,22568 to 22970,count,integer,32,overall,overall
1,GiBleed,cohort_name,denominator,sex &&& age_group_at_entry,Male &&& 0 to 19,follow-up,22568 to 22970,count,integer,38,overall,overall
1,GiBleed,cohort_name,denominator,sex &&& age_group_at_entry,Female &&& 0 to 19,follow-up,22971 to 23373,count,integer,45,overall,overall
1,GiBleed,cohort_name,denominator,sex &&& age_group_at_entry,Male &&& 0 to 19,follow-up,22971 to 23373,count,integer,38,overall,overall
1,GiBleed,cohort_name,denominator,sex &&& age_group_at_entry,Female &&& 0 to 19,follow-up,23374 to 23776,count,integer,38,overall,overall
1,GiBleed,cohort_name,denominator,sex &&& age_group_at_entry,Male &&& 0 to 19,follow-up,23374 to 23776,count,integer,32,overall,overall
1,GiBleed,cohort_name,denominator,sex &&& age_group_at_entry,Female &&& 0 to 19,follow-up,23777 to 24179,count,integer,24,overall,overall
1,GiBleed,cohort_name,denominator,sex &&& age_group_at_entry,Male &&& 0 to 19,follow-up,23777 to 24179,count,integer,16,overall,overall
1,GiBleed,cohort_name,denominator,sex &&& age_group_at_entry,Female &&& 0 to 19,follow-up,24180 to 24582,count,integer,34,overall,overall
1,GiBleed,cohort_name,denominator,sex &&& age_group_at_entry,Male &&& 0 to 19,follow-up,24180 to 24582,count,integer,37,overall,overall
1,GiBleed,cohort_name,denominator,sex &&& age_group_at_entry,Female &&& 0 to 19,follow-up,24583 to 24985,count,integer,39,overall,overall
1,GiBleed,cohort_name,denominator,sex &&& age_group_at_entry,Male &&& 0 to 19,follow-up,24583 to 24985,count,integer,37,overall,overall
1,GiBleed,cohort_name,denominator,sex &&& age_group_at_entry,Female &&& 0 to 19,follow-up,24986 to 25388,count,integer,14,overall,overall
1,GiBleed,cohort_name,denominator,sex &&& age_group_at_entry,Male &&& 0 to 19,follow-up,24986 to 25388,count,integer,26,overall,overall
1,GiBleed,cohort_name,denominator,sex &&& age_group_at_entry,Female &&& 0 to 19,follow-up,25389 to 25791,count,integer,16,overall,overall
1,GiBleed,cohort_name,denominator,sex &&& age_group_at_entry,Male &&& 0 to 19,follow-up,25389 to 25791,count,integer,17,overall,overall
1,GiBleed,cohort_name,denominator,sex &&& age_group_at_entry,Female &&& 0 to 19,follow-up,25792 to 26194,count,integer,13,overall,overall
1,GiBleed,cohort_name,denominator,sex &&& age_group_at_entry,Male &&& 0 to 19,follow-up,25792 to 26194,count,integer,18,overall,overall
1,GiBleed,cohort_name,denominator,sex &&& age_group_at_entry,Female &&& 0 to 19,follow-up,26195 to 26597,count,integer,21,overall,overall
1,GiBleed,cohort_name,denominator,sex &&& age_group_at_entry,Male &&& 0 to 19,follow-up,26195 to 26597,count,integer,24,overall,overall
1,GiBleed,cohort_name,denominator,sex &&& age_group_at_entry,Female &&& 0 to 19,follow-up,26598 to 27000,count,integer,19,overall,overall
1,GiBleed,cohort_name,denominator,sex &&& age_group_at_entry,Male &&& 0 to 19,follow-up,26598 to 27000,count,integer,22,overall,overall
1,GiBleed,cohort_name,denominator,sex &&& age_group_at_entry,Female &&& 0 to 19,follow-up,27001 to 27403,count,integer,22,overall,overall
1,GiBleed,cohort_name,denominator,sex &&& age_group_at_entry,Male &&& 0 to 19,follow-up,27001 to 27403,count,integer,17,overall,overall
1,GiBleed,cohort_name,denominator,sex &&& age_group_at_entry,Female &&& 0 to 19,follow-up,27404 to 27806,count,integer,15,overall,overall
1,GiBleed,cohort_name,denominator,sex &&& age_group_at_entry,Male &&& 0 to 19,follow-up,27404 to 27806,count,integer,16,overall,overall
1,GiBleed,cohort_name,denominator,sex &&& age_group_at_entry,Female &&& 0 to 19,follow-up,27807 to 28209,count,integer,11,overall,overall
1,GiBleed,cohort_name,denominator,sex &&& age_group_at_entry,Male &&& 0 to 19,follow-up,27807 to 28209,count,integer,13,overall,overall
1,GiBleed,cohort_name,denominator,sex &&& age_group_at_entry,Female &&& 0 to 19,follow-up,28210 to 28612,count,integer,12,overall,overall
1,GiBleed,cohort_name,denominator,sex &&& age_group_at_entry,Male &&& 0 to 19,follow-up,28210 to 28612,count,integer,12,overall,overall
1,GiBleed,cohort_name,denominator,sex &&& age_group_at_entry,Female &&& 0 to 19,follow-up,28613 to 29015,count,integer,16,overall,overall
1,GiBleed,cohort_name,denominator,sex &&& age_group_at_entry,Male &&& 0 to 19,follow-up,28613 to 29015,count,integer,18,overall,overall
1,GiBleed,cohort_name,denominator,sex &&& age_group_at_entry,Female &&& 0 to 19,follow-up,29016 to 29418,count,integer,19,overall,overall
1,GiBleed,cohort_name,denominator,sex &&& age_group_at_entry,Male &&& 0 to 19,follow-up,29016 to 29418,count,integer,12,overall,overall
1,GiBleed,cohort_name,denominator,sex &&& age_group_at_entry,Female &&& 0 to 19,follow-up,29419 to 29821,count,integer,13,overall,overall
1,GiBleed,cohort_name,denominator,sex &&& age_group_at_entry,Male &&& 0 to 19,follow-up,29419 to 29821,count,integer,13,overall,overall
1,GiBleed,cohort_name,denominator,sex &&& age_group_at_entry,Female &&& 0 to 19,follow-up,29822 to 30224,count,integer,19,overall,overall
1,GiBleed,cohort_name,denominator,sex &&& age_group_at_entry,Male &&& 0 to 19,follow-up,29822 to 30224,count,integer,15,overall,overall
1,GiBleed,cohort_name,denominator,sex &&& age_group_at_entry,Female &&& 0 to 19,follow-up,30225 to 30627,count,integer,14,overall,overall
1,GiBleed,cohort_name,denominator,sex &&& age_group_at_entry,Male &&& 0 to 19,follow-up,30225 to 30627,count,integer,11,overall,overall
1,GiBleed,cohort_name,denominator,sex &&& age_group_at_entry,Female &&& 0 to 19,follow-up,30628 to 31030,count,integer,12,overall,overall
1,GiBleed,cohort_name,denominator,sex &&& age_group_at_entry,Male &&& 0 to 19,follow-up,30628 to 31030,count,integer,NA,overall,overall
1,GiBleed,cohort_name,denominator,sex &&& age_group_at_entry,Female &&& 0 to 19,follow-up,31031 to 31433,count,integer,NA,overall,overall
1,GiBleed,cohort_name,denominator,sex &&& age_group_at_entry,Male &&& 0 to 19,follow-up,31031 to 31433,count,integer,NA,overall,overall
1,GiBleed,cohort_name,denominator,sex &&& age_group_at_entry,Female &&& 0 to 19,follow-up,31434 to 31836,count,integer,NA,overall,overall
1,GiBleed,cohort_name,denominator,sex &&& age_group_at_entry,Male &&& 0 to 19,follow-up,31434 to 31836,count,integer,NA,overall,overall
1,GiBleed,cohort_name,denominator,sex &&& age_group_at_entry,Female &&& 0 to 19,follow-up,31837 to 32239,count,integer,NA,overall,overall
1,GiBleed,cohort_name,denominator,sex &&& age_group_at_entry,Male &&& 0 to 19,follow-up,31837 to 32239,count,integer,NA,overall,overall
1,GiBleed,cohort_name,denominator,sex &&& age_group_at_entry,Female &&& 0 to 19,follow-up,32240 to 32642,count,integer,NA,overall,overall
1,GiBleed,cohort_name,denominator,sex &&& age_group_at_entry,Male &&& 0 to 19,follow-up,32240 to 32642,count,integer,NA,overall,overall
1,GiBleed,cohort_name,denominator,sex &&& age_group_at_entry,Female &&& 0 to 19,follow-up,32643 to 33045,count,integer,9,overall,overall
1,GiBleed,cohort_name,denominator,sex &&& age_group_at_entry,Male &&& 0 to 19,follow-up,32643 to 33045,count,integer,NA,overall,overall
1,GiBleed,cohort_name,denominator,sex &&& age_group_at_entry,Female &&& 0 to 19,follow-up,33046 to 33448,count,integer,NA,overall,overall
1,GiBleed,cohort_name,denominator,sex &&& age_group_at_entry,Male &&& 0 to 19,follow-up,33046 to 33448,count,integer,NA,overall,overall
1,GiBleed,cohort_name,denominator,sex &&& age_group_at_entry,Female &&& 0 to 19,follow-up,33449 to 33851,count,integer,NA,overall,overall
1,GiBleed,cohort_name,denominator,sex &&& age_group_at_entry,Male &&& 0 to 19,follow-up,33449 to 33851,count,integer,NA,overall,overall
1,GiBleed,cohort_name,denominator,sex &&& age_group_at_entry,Female &&& 0 to 19,follow-up,33852 to 34254,count,integer,NA,overall,overall
1,GiBleed,cohort_name,denominator,sex &&& age_group_at_entry,Male &&& 0 to 19,follow-up,33852 to 34254,count,integer,NA,overall,overall
1,GiBleed,cohort_name,denominator,sex &&& age_group_at_entry,Female &&& 0 to 19,follow-up,34255 to 34657,count,integer,NA,overall,overall
1,GiBleed,cohort_name,denominator,sex &&& age_group_at_entry,Male &&& 0 to 19,follow-up,34255 to 34657,count,integer,NA,overall,overall
1,GiBleed,cohort_name,denominator,sex &&& age_group_at_entry,Female &&& 0 to 19,follow-up,34658 to 35060,count,integer,NA,overall,overall
1,GiBleed,cohort_name,denominator,sex &&& age_group_at_entry,Male &&& 0 to 19,follow-up,34658 to 35060,count,integer,NA,overall,overall
1,GiBleed,cohort_name,denominator,sex &&& age_group_at_entry,Female &&& 0 to 19,follow-up,35061 to 35463,count,integer,NA,overall,overall
1,GiBleed,cohort_name,denominator,sex &&& age_group_at_entry,Male &&& 0 to 19,follow-up,35061 to 35463,count,integer,NA,overall,overall
1,GiBleed,cohort_name,denominator,sex &&& age_group_at_entry,Female &&& 0 to 19,follow-up,35464 to 35866,count,integer,NA,overall,overall
1,GiBleed,cohort_name,denominator,sex &&& age_group_at_entry,Male &&& 0 to 19,follow-up,35464 to 35866,count,integer,NA,overall,overall
1,GiBleed,cohort_name,denominator,sex &&& age_group_at_entry,Female &&& 0 to 19,follow-up,35867 to 36269,count,integer,NA,overall,overall
1,GiBleed,cohort_name,denominator,sex &&& age_group_at_entry,Male &&& 0 to 19,follow-up,35867 to 36269,count,integer,NA,overall,overall
1,GiBleed,cohort_name,denominator,sex &&& age_group_at_entry,Male &&& 0 to 19,follow-up,36673 to 37075,count,integer,NA,overall,overall
1,GiBleed,cohort_name,denominator,sex &&& age_group_at_entry,Female &&& 0 to 19,follow-up,37076 to 37478,count,integer,NA,overall,overall
1,GiBleed,cohort_name,denominator,sex &&& age_group_at_entry,Male &&& 0 to 19,follow-up,37076 to 37478,count,integer,NA,overall,overall
1,GiBleed,cohort_name,denominator,sex &&& age_group_at_entry,Female &&& 0 to 19,follow-up,37479 to 37881,count,integer,NA,overall,overall
1,GiBleed,cohort_name,denominator,sex &&& age_group_at_entry,Male &&& 0 to 19,follow-up,37479 to 37881,count,integer,NA,overall,overall
1,GiBleed,cohort_name,denominator,sex &&& age_group_at_entry,Female &&& 0 to 19,follow-up,37882 to 38284,count,integer,NA,overall,overall
1,GiBleed,cohort_name,denominator,sex &&& age_group_at_entry,Male &&& 0 to 19,follow-up,37882 to 38284,count,integer,NA,overall,overall
1,GiBleed,cohort_name,denominator,sex &&& age_group_at_entry,Female &&& 0 to 19,follow-up,38285 to 38687,count,integer,NA,overall,overall
1,GiBleed,cohort_name,denominator,sex &&& age_group_at_entry,Male &&& 0 to 19,follow-up,38285 to 38687,count,integer,NA,overall,overall
1,GiBleed,cohort_name,denominator,sex &&& age_group_at_entry,Female &&& 0 to 19,follow-up,38688 to 39090,count,integer,NA,overall,overall
1,GiBleed,cohort_name,denominator,sex &&& age_group_at_entry,Male &&& 0 to 19,follow-up,38688 to 39090,count,integer,NA,overall,overall
1,GiBleed,cohort_name,denominator,sex &&& age_group_at_entry,Female &&& 0 to 19,follow-up,39091 to 39493,count,integer,NA,overall,overall
1,GiBleed,cohort_name,denominator,sex &&& age_group_at_entry,Male &&& 0 to 19,follow-up,39091 to 39493,count,integer,NA,overall,overall
1,GiBleed,cohort_name,denominator,sex &&& age_group_at_entry,Female &&& 0 to 19,follow-up,39494 to 39896,count,integer,NA,overall,overall
1,GiBleed,cohort_name,denominator,sex &&& age_group_at_entry,Male &&& 0 to 19,follow-up,39494 to 39896,count,integer,NA,overall,overall
1,GiBleed,cohort_name,denominator,sex &&& age_group_at_entry,Female &&& 0 to 19,follow-up,39897 to 40299,count,integer,NA,overall,overall
1,GiBleed,cohort_name,denominator,sex &&& age_group_at_entry,Male &&& 0 to 19,follow-up,39897 to 40299,count,integer,NA,overall,overall
1,GiBleed,cohort_name,denominator,sex &&& age_group_at_entry,Female &&& 0 to 19,follow-up,40300 to 40702,count,integer,NA,overall,overall
