"result_id","cdm_name","group_name","group_level","strata_name","strata_level","variable_name","variable_level","estimate_name","estimate_type","estimate_value","additional_name","additional_level"
1,"GiBleed","omop_table","observation_period","overall","overall","number_records",NA,"count","integer","2694","overall","overall"
1,"GiBleed","omop_table","observation_period","overall","overall","number_subjects",NA,"count","integer","2694","overall","overall"
1,"GiBleed","omop_table","observation_period","overall","overall","records_per_person",NA,"mean","numeric","1","overall","overall"
1,"GiBleed","omop_table","observation_period","overall","overall","records_per_person",NA,"sd","numeric","0","overall","overall"
1,"GiBleed","omop_table","observation_period","overall","overall","records_per_person",NA,"median","integer","1","overall","overall"
1,"GiBleed","omop_table","observation_period","overall","overall","records_per_person",NA,"q25","integer","1","overall","overall"
1,"GiBleed","omop_table","observation_period","overall","overall","records_per_person",NA,"q75","integer","1","overall","overall"
1,"GiBleed","omop_table","observation_period","overall","overall","records_per_person",NA,"q05","integer","1","overall","overall"
1,"GiBleed","omop_table","observation_period","overall","overall","records_per_person",NA,"q95","integer","1","overall","overall"
1,"GiBleed","omop_table","observation_period","overall","overall","In observation","Yes","count","integer","2694","overall","overall"
1,"GiBleed","omop_table","observation_period","overall","overall","In observation","Yes","percentage","percentage","100","overall","overall"
1,"GiBleed","omop_table","observation_period","overall","overall","Mapped","Yes","count","integer","2694","overall","overall"
1,"GiBleed","omop_table","observation_period","overall","overall","Mapped","Yes","percentage","percentage","100","overall","overall"
1,"GiBleed","omop_table","observation_period","overall","overall","Domain","No domain","count","integer","2694","overall","overall"
1,"GiBleed","omop_table","observation_period","overall","overall","Domain","No domain","percentage","percentage","100","overall","overall"
1,"GiBleed","omop_table","observation_period","overall","overall","Record type","44814724","count","integer","2694","overall","overall"
1,"GiBleed","omop_table","observation_period","overall","overall","Record type","44814724","percentage","percentage","100","overall","overall"
2,"GiBleed","omop_table","visit_occurrence","overall","overall","number_records",NA,"count","integer","1037","overall","overall"
2,"GiBleed","omop_table","visit_occurrence","overall","overall","number_subjects",NA,"count","integer","890","overall","overall"
2,"GiBleed","omop_table","visit_occurrence","overall","overall","records_per_person",NA,"mean","numeric","0.384929472902747","overall","overall"
2,"GiBleed","omop_table","visit_occurrence","overall","overall","records_per_person",NA,"sd","numeric","0.597627484267308","overall","overall"
2,"GiBleed","omop_table","visit_occurrence","overall","overall","records_per_person",NA,"median","integer","0","overall","overall"
2,"GiBleed","omop_table","visit_occurrence","overall","overall","records_per_person",NA,"q25","integer","0","overall","overall"
2,"GiBleed","omop_table","visit_occurrence","overall","overall","records_per_person",NA,"q75","integer","1","overall","overall"
2,"GiBleed","omop_table","visit_occurrence","overall","overall","records_per_person",NA,"q05","integer","0","overall","overall"
2,"GiBleed","omop_table","visit_occurrence","overall","overall","records_per_person",NA,"q95","integer","1","overall","overall"
2,"GiBleed","omop_table","visit_occurrence","overall","overall","In observation","Yes","count","integer","1037","overall","overall"
2,"GiBleed","omop_table","visit_occurrence","overall","overall","In observation","Yes","percentage","percentage","100","overall","overall"
2,"GiBleed","omop_table","visit_occurrence","overall","overall","Mapped","Yes","count","integer","1037","overall","overall"
2,"GiBleed","omop_table","visit_occurrence","overall","overall","Mapped","Yes","percentage","percentage","100","overall","overall"
2,"GiBleed","omop_table","visit_occurrence","overall","overall","Domain","Visit","count","integer","1037","overall","overall"
2,"GiBleed","omop_table","visit_occurrence","overall","overall","Domain","Visit","percentage","percentage","100","overall","overall"
2,"GiBleed","omop_table","visit_occurrence","overall","overall","Record type","44818517","count","integer","1037","overall","overall"
2,"GiBleed","omop_table","visit_occurrence","overall","overall","Record type","44818517","percentage","percentage","100","overall","overall"
3,"GiBleed","omop_table","condition_occurrence","overall","overall","number_records",NA,"count","integer","65332","overall","overall"
3,"GiBleed","omop_table","condition_occurrence","overall","overall","number_subjects",NA,"count","integer","2694","overall","overall"
3,"GiBleed","omop_table","condition_occurrence","overall","overall","records_per_person",NA,"mean","numeric","24.2509279881218","overall","overall"
3,"GiBleed","omop_table","condition_occurrence","overall","overall","records_per_person",NA,"sd","numeric","7.40646270618153","overall","overall"
3,"GiBleed","omop_table","condition_occurrence","overall","overall","records_per_person",NA,"median","integer","23","overall","overall"
3,"GiBleed","omop_table","condition_occurrence","overall","overall","records_per_person",NA,"q25","integer","19","overall","overall"
3,"GiBleed","omop_table","condition_occurrence","overall","overall","records_per_person",NA,"q75","integer","29","overall","overall"
3,"GiBleed","omop_table","condition_occurrence","overall","overall","records_per_person",NA,"q05","integer","14","overall","overall"
3,"GiBleed","omop_table","condition_occurrence","overall","overall","records_per_person",NA,"q95","integer","38","overall","overall"
3,"GiBleed","omop_table","condition_occurrence","overall","overall","In observation","No","count","integer","85","overall","overall"
3,"GiBleed","omop_table","condition_occurrence","overall","overall","In observation","No","percentage","percentage","0.130104696014204","overall","overall"
3,"GiBleed","omop_table","condition_occurrence","overall","overall","In observation","Yes","count","integer","65247","overall","overall"
3,"GiBleed","omop_table","condition_occurrence","overall","overall","In observation","Yes","percentage","percentage","99.8698953039858","overall","overall"
3,"GiBleed","omop_table","condition_occurrence","overall","overall","Mapped","Yes","count","integer","65332","overall","overall"
3,"GiBleed","omop_table","condition_occurrence","overall","overall","Mapped","Yes","percentage","percentage","100","overall","overall"
3,"GiBleed","omop_table","condition_occurrence","overall","overall","Domain","Condition","count","integer","65332","overall","overall"
3,"GiBleed","omop_table","condition_occurrence","overall","overall","Domain","Condition","percentage","percentage","100","overall","overall"
3,"GiBleed","omop_table","condition_occurrence","overall","overall","Record type","32020","count","integer","65332","overall","overall"
3,"GiBleed","omop_table","condition_occurrence","overall","overall","Record type","32020","percentage","percentage","100","overall","overall"
4,"GiBleed","omop_table","drug_exposure","overall","overall","number_records",NA,"count","integer","67707","overall","overall"
4,"GiBleed","omop_table","drug_exposure","overall","overall","number_subjects",NA,"count","integer","2694","overall","overall"
4,"GiBleed","omop_table","drug_exposure","overall","overall","records_per_person",NA,"mean","numeric","25.1325167037862","overall","overall"
4,"GiBleed","omop_table","drug_exposure","overall","overall","records_per_person",NA,"sd","numeric","5.24567940746264","overall","overall"
4,"GiBleed","omop_table","drug_exposure","overall","overall","records_per_person",NA,"median","integer","25","overall","overall"
4,"GiBleed","omop_table","drug_exposure","overall","overall","records_per_person",NA,"q25","integer","22","overall","overall"
4,"GiBleed","omop_table","drug_exposure","overall","overall","records_per_person",NA,"q75","integer","28","overall","overall"
4,"GiBleed","omop_table","drug_exposure","overall","overall","records_per_person",NA,"q05","integer","17","overall","overall"
4,"GiBleed","omop_table","drug_exposure","overall","overall","records_per_person",NA,"q95","integer","34","overall","overall"
4,"GiBleed","omop_table","drug_exposure","overall","overall","In observation","No","count","integer","80","overall","overall"
4,"GiBleed","omop_table","drug_exposure","overall","overall","In observation","No","percentage","percentage","0.118156172921559","overall","overall"
4,"GiBleed","omop_table","drug_exposure","overall","overall","In observation","Yes","count","integer","67627","overall","overall"
4,"GiBleed","omop_table","drug_exposure","overall","overall","In observation","Yes","percentage","percentage","99.8818438270784","overall","overall"
4,"GiBleed","omop_table","drug_exposure","overall","overall","Mapped","Yes","count","integer","67707","overall","overall"
4,"GiBleed","omop_table","drug_exposure","overall","overall","Mapped","Yes","percentage","percentage","100","overall","overall"
4,"GiBleed","omop_table","drug_exposure","overall","overall","Domain","Drug","count","integer","67707","overall","overall"
4,"GiBleed","omop_table","drug_exposure","overall","overall","Domain","Drug","percentage","percentage","100","overall","overall"
4,"GiBleed","omop_table","drug_exposure","overall","overall","Record type","38000177","count","integer","41997","overall","overall"
4,"GiBleed","omop_table","drug_exposure","overall","overall","Record type","38000177","percentage","percentage","62.027559927334","overall","overall"
4,"GiBleed","omop_table","drug_exposure","overall","overall","Record type","581452","count","integer","25710","overall","overall"
4,"GiBleed","omop_table","drug_exposure","overall","overall","Record type","581452","percentage","percentage","37.972440072666","overall","overall"
5,"GiBleed","omop_table","procedure_occurrence","overall","overall","number_records",NA,"count","integer","37409","overall","overall"
5,"GiBleed","omop_table","procedure_occurrence","overall","overall","number_subjects",NA,"count","integer","2593","overall","overall"
5,"GiBleed","omop_table","procedure_occurrence","overall","overall","records_per_person",NA,"mean","numeric","13.8860430586489","overall","overall"
5,"GiBleed","omop_table","procedure_occurrence","overall","overall","records_per_person",NA,"sd","numeric","21.1957616080303","overall","overall"
5,"GiBleed","omop_table","procedure_occurrence","overall","overall","records_per_person",NA,"median","integer","5","overall","overall"
5,"GiBleed","omop_table","procedure_occurrence","overall","overall","records_per_person",NA,"q25","integer","3","overall","overall"
5,"GiBleed","omop_table","procedure_occurrence","overall","overall","records_per_person",NA,"q75","integer","10","overall","overall"
5,"GiBleed","omop_table","procedure_occurrence","overall","overall","records_per_person",NA,"q05","integer","1","overall","overall"
5,"GiBleed","omop_table","procedure_occurrence","overall","overall","records_per_person",NA,"q95","integer","68","overall","overall"
5,"GiBleed","omop_table","procedure_occurrence","overall","overall","In observation","No","count","integer","15","overall","overall"
5,"GiBleed","omop_table","procedure_occurrence","overall","overall","In observation","No","percentage","percentage","0.0400973027880991","overall","overall"
5,"GiBleed","omop_table","procedure_occurrence","overall","overall","In observation","Yes","count","integer","37394","overall","overall"
5,"GiBleed","omop_table","procedure_occurrence","overall","overall","In observation","Yes","percentage","percentage","99.9599026972119","overall","overall"
5,"GiBleed","omop_table","procedure_occurrence","overall","overall","Mapped","Yes","count","integer","37409","overall","overall"
5,"GiBleed","omop_table","procedure_occurrence","overall","overall","Mapped","Yes","percentage","percentage","100","overall","overall"
5,"GiBleed","omop_table","procedure_occurrence","overall","overall","Domain","Procedure","count","integer","37409","overall","overall"
5,"GiBleed","omop_table","procedure_occurrence","overall","overall","Domain","Procedure","percentage","percentage","100","overall","overall"
5,"GiBleed","omop_table","procedure_occurrence","overall","overall","Record type","38000275","count","integer","37409","overall","overall"
5,"GiBleed","omop_table","procedure_occurrence","overall","overall","Record type","38000275","percentage","percentage","100","overall","overall"
6,"GiBleed","omop_table","device_exposure","overall","overall","number_records",NA,"count","integer","0","overall","overall"
6,"GiBleed","omop_table","device_exposure","overall","overall","number_subjects",NA,"count","integer","0","overall","overall"
6,"GiBleed","omop_table","device_exposure","overall","overall","records_per_person",NA,"mean","numeric","0","overall","overall"
6,"GiBleed","omop_table","device_exposure","overall","overall","records_per_person",NA,"sd","numeric","0","overall","overall"
6,"GiBleed","omop_table","device_exposure","overall","overall","records_per_person",NA,"median","integer","0","overall","overall"
6,"GiBleed","omop_table","device_exposure","overall","overall","records_per_person",NA,"q25","integer","0","overall","overall"
6,"GiBleed","omop_table","device_exposure","overall","overall","records_per_person",NA,"q75","integer","0","overall","overall"
6,"GiBleed","omop_table","device_exposure","overall","overall","records_per_person",NA,"q05","integer","0","overall","overall"
6,"GiBleed","omop_table","device_exposure","overall","overall","records_per_person",NA,"q95","integer","0","overall","overall"
7,"GiBleed","omop_table","measurement","overall","overall","number_records",NA,"count","integer","44053","overall","overall"
7,"GiBleed","omop_table","measurement","overall","overall","number_subjects",NA,"count","integer","2686","overall","overall"
7,"GiBleed","omop_table","measurement","overall","overall","records_per_person",NA,"mean","numeric","16.3522642910171","overall","overall"
7,"GiBleed","omop_table","measurement","overall","overall","records_per_person",NA,"sd","numeric","17.4819911707563","overall","overall"
7,"GiBleed","omop_table","measurement","overall","overall","records_per_person",NA,"median","integer","10","overall","overall"
7,"GiBleed","omop_table","measurement","overall","overall","records_per_person",NA,"q25","integer","6","overall","overall"
7,"GiBleed","omop_table","measurement","overall","overall","records_per_person",NA,"q75","integer","16","overall","overall"
7,"GiBleed","omop_table","measurement","overall","overall","records_per_person",NA,"q05","integer","3","overall","overall"
7,"GiBleed","omop_table","measurement","overall","overall","records_per_person",NA,"q95","integer","52","overall","overall"
7,"GiBleed","omop_table","measurement","overall","overall","In observation","No","count","integer",NA,"overall","overall"
7,"GiBleed","omop_table","measurement","overall","overall","In observation","No","percentage","percentage",NA,"overall","overall"
7,"GiBleed","omop_table","measurement","overall","overall","In observation","Yes","count","integer","44049","overall","overall"
7,"GiBleed","omop_table","measurement","overall","overall","In observation","Yes","percentage","percentage","99.9909200281479","overall","overall"
7,"GiBleed","omop_table","measurement","overall","overall","Mapped","Yes","count","integer","44053","overall","overall"
7,"GiBleed","omop_table","measurement","overall","overall","Mapped","Yes","percentage","percentage","100","overall","overall"
7,"GiBleed","omop_table","measurement","overall","overall","Domain","Measurement","count","integer","44053","overall","overall"
7,"GiBleed","omop_table","measurement","overall","overall","Domain","Measurement","percentage","percentage","100","overall","overall"
7,"GiBleed","omop_table","measurement","overall","overall","Record type","5001","count","integer","44053","overall","overall"
7,"GiBleed","omop_table","measurement","overall","overall","Record type","5001","percentage","percentage","100","overall","overall"
8,"GiBleed","omop_table","observation","overall","overall","number_records",NA,"count","integer","1477","overall","overall"
8,"GiBleed","omop_table","observation","overall","overall","number_subjects",NA,"count","integer","671","overall","overall"
8,"GiBleed","omop_table","observation","overall","overall","records_per_person",NA,"mean","numeric","0.548255382331106","overall","overall"
8,"GiBleed","omop_table","observation","overall","overall","records_per_person",NA,"sd","numeric","1.50789810752334","overall","overall"
8,"GiBleed","omop_table","observation","overall","overall","records_per_person",NA,"median","integer","0","overall","overall"
8,"GiBleed","omop_table","observation","overall","overall","records_per_person",NA,"q25","integer","0","overall","overall"
8,"GiBleed","omop_table","observation","overall","overall","records_per_person",NA,"q75","integer","0","overall","overall"
8,"GiBleed","omop_table","observation","overall","overall","records_per_person",NA,"q05","integer","0","overall","overall"
8,"GiBleed","omop_table","observation","overall","overall","records_per_person",NA,"q95","integer","2","overall","overall"
8,"GiBleed","omop_table","observation","overall","overall","In observation","No","count","integer",NA,"overall","overall"
8,"GiBleed","omop_table","observation","overall","overall","In observation","No","percentage","percentage",NA,"overall","overall"
8,"GiBleed","omop_table","observation","overall","overall","In observation","Yes","count","integer","1474","overall","overall"
8,"GiBleed","omop_table","observation","overall","overall","In observation","Yes","percentage","percentage","99.7968855788761","overall","overall"
8,"GiBleed","omop_table","observation","overall","overall","Mapped","Yes","count","integer","1477","overall","overall"
8,"GiBleed","omop_table","observation","overall","overall","Mapped","Yes","percentage","percentage","100","overall","overall"
8,"GiBleed","omop_table","observation","overall","overall","Domain","Observation","count","integer","1477","overall","overall"
8,"GiBleed","omop_table","observation","overall","overall","Domain","Observation","percentage","percentage","100","overall","overall"
8,"GiBleed","omop_table","observation","overall","overall","Record type","38000276","count","integer","443","overall","overall"
8,"GiBleed","omop_table","observation","overall","overall","Record type","38000276","percentage","percentage","29.9932295192959","overall","overall"
8,"GiBleed","omop_table","observation","overall","overall","Record type","38000280","count","integer","1034","overall","overall"
8,"GiBleed","omop_table","observation","overall","overall","Record type","38000280","percentage","percentage","70.0067704807041","overall","overall"
9,"GiBleed","omop_table","death","overall","overall","number_records",NA,"count","integer","0","overall","overall"
9,"GiBleed","omop_table","death","overall","overall","number_subjects",NA,"count","integer","0","overall","overall"
9,"GiBleed","omop_table","death","overall","overall","records_per_person",NA,"mean","numeric","0","overall","overall"
9,"GiBleed","omop_table","death","overall","overall","records_per_person",NA,"sd","numeric","0","overall","overall"
9,"GiBleed","omop_table","death","overall","overall","records_per_person",NA,"median","integer","0","overall","overall"
9,"GiBleed","omop_table","death","overall","overall","records_per_person",NA,"q25","integer","0","overall","overall"
9,"GiBleed","omop_table","death","overall","overall","records_per_person",NA,"q75","integer","0","overall","overall"
9,"GiBleed","omop_table","death","overall","overall","records_per_person",NA,"q05","integer","0","overall","overall"
9,"GiBleed","omop_table","death","overall","overall","records_per_person",NA,"q95","integer","0","overall","overall"
1,NA,"overall","overall","overall","overall","settings",NA,"result_type","character","summarised_omop_table","overall","overall"
1,NA,"overall","overall","overall","overall","settings",NA,"package_name","character","omopSketch","overall","overall"
1,NA,"overall","overall","overall","overall","settings",NA,"package_version","character","0.0.0","overall","overall"
1,NA,"overall","overall","overall","overall","settings",NA,"min_cell_count","integer","8","overall","overall"
2,NA,"overall","overall","overall","overall","settings",NA,"result_type","character","summarised_omop_table","overall","overall"
2,NA,"overall","overall","overall","overall","settings",NA,"package_name","character","omopSketch","overall","overall"
2,NA,"overall","overall","overall","overall","settings",NA,"package_version","character","0.0.0","overall","overall"
2,NA,"overall","overall","overall","overall","settings",NA,"min_cell_count","integer","8","overall","overall"
3,NA,"overall","overall","overall","overall","settings",NA,"result_type","character","summarised_omop_table","overall","overall"
3,NA,"overall","overall","overall","overall","settings",NA,"package_name","character","omopSketch","overall","overall"
3,NA,"overall","overall","overall","overall","settings",NA,"package_version","character","0.0.0","overall","overall"
3,NA,"overall","overall","overall","overall","settings",NA,"min_cell_count","integer","8","overall","overall"
4,NA,"overall","overall","overall","overall","settings",NA,"result_type","character","summarised_omop_table","overall","overall"
4,NA,"overall","overall","overall","overall","settings",NA,"package_name","character","omopSketch","overall","overall"
4,NA,"overall","overall","overall","overall","settings",NA,"package_version","character","0.0.0","overall","overall"
4,NA,"overall","overall","overall","overall","settings",NA,"min_cell_count","integer","8","overall","overall"
5,NA,"overall","overall","overall","overall","settings",NA,"result_type","character","summarised_omop_table","overall","overall"
5,NA,"overall","overall","overall","overall","settings",NA,"package_name","character","omopSketch","overall","overall"
5,NA,"overall","overall","overall","overall","settings",NA,"package_version","character","0.0.0","overall","overall"
5,NA,"overall","overall","overall","overall","settings",NA,"min_cell_count","integer","8","overall","overall"
6,NA,"overall","overall","overall","overall","settings",NA,"result_type","character","summarised_omop_table","overall","overall"
6,NA,"overall","overall","overall","overall","settings",NA,"package_name","character","omopSketch","overall","overall"
6,NA,"overall","overall","overall","overall","settings",NA,"package_version","character","0.0.0","overall","overall"
6,NA,"overall","overall","overall","overall","settings",NA,"min_cell_count","integer","8","overall","overall"
7,NA,"overall","overall","overall","overall","settings",NA,"result_type","character","summarised_omop_table","overall","overall"
7,NA,"overall","overall","overall","overall","settings",NA,"package_name","character","omopSketch","overall","overall"
7,NA,"overall","overall","overall","overall","settings",NA,"package_version","character","0.0.0","overall","overall"
7,NA,"overall","overall","overall","overall","settings",NA,"min_cell_count","integer","8","overall","overall"
8,NA,"overall","overall","overall","overall","settings",NA,"result_type","character","summarised_omop_table","overall","overall"
8,NA,"overall","overall","overall","overall","settings",NA,"package_name","character","omopSketch","overall","overall"
8,NA,"overall","overall","overall","overall","settings",NA,"package_version","character","0.0.0","overall","overall"
8,NA,"overall","overall","overall","overall","settings",NA,"min_cell_count","integer","8","overall","overall"
9,NA,"overall","overall","overall","overall","settings",NA,"result_type","character","summarised_omop_table","overall","overall"
9,NA,"overall","overall","overall","overall","settings",NA,"package_name","character","omopSketch","overall","overall"
9,NA,"overall","overall","overall","overall","settings",NA,"package_version","character","0.0.0","overall","overall"
9,NA,"overall","overall","overall","overall","settings",NA,"min_cell_count","integer","8","overall","overall"
