result_id,cdm_name,group_name,group_level,strata_name,strata_level,variable_name,variable_level,estimate_name,estimate_type,estimate_value,additional_name,additional_level
1,GiBleed,omop_table,visit_occurrence,year,1923,incidence_records,NA,count,integer,NA,overall,overall
1,GiBleed,omop_table,visit_occurrence,year,1924,incidence_records,NA,count,integer,NA,overall,overall
1,GiBleed,omop_table,visit_occurrence,year,1927,incidence_records,NA,count,integer,NA,overall,overall
1,GiBleed,omop_table,visit_occurrence,year,1929,incidence_records,NA,count,integer,NA,overall,overall
1,GiBleed,omop_table,visit_occurrence,year,1932,incidence_records,NA,count,integer,NA,overall,overall
1,GiBleed,omop_table,visit_occurrence,year,1933,incidence_records,NA,count,integer,NA,overall,overall
1,GiBleed,omop_table,visit_occurrence,year,1934,incidence_records,NA,count,integer,NA,overall,overall
1,GiBleed,omop_table,visit_occurrence,year,1935,incidence_records,NA,count,integer,NA,overall,overall
1,GiBleed,omop_table,visit_occurrence,year,1938,incidence_records,NA,count,integer,NA,overall,overall
1,GiBleed,omop_table,visit_occurrence,year,1939,incidence_records,NA,count,integer,NA,overall,overall
1,GiBleed,omop_table,visit_occurrence,year,1942,incidence_records,NA,count,integer,NA,overall,overall
1,GiBleed,omop_table,visit_occurrence,year,1943,incidence_records,NA,count,integer,NA,overall,overall
1,GiBleed,omop_table,visit_occurrence,year,1944,incidence_records,NA,count,integer,NA,overall,overall
1,GiBleed,omop_table,visit_occurrence,year,1945,incidence_records,NA,count,integer,NA,overall,overall
1,GiBleed,omop_table,visit_occurrence,year,1946,incidence_records,NA,count,integer,NA,overall,overall
1,GiBleed,omop_table,visit_occurrence,year,1947,incidence_records,NA,count,integer,NA,overall,overall
1,GiBleed,omop_table,visit_occurrence,year,1948,incidence_records,NA,count,integer,NA,overall,overall
1,GiBleed,omop_table,visit_occurrence,year,1949,incidence_records,NA,count,integer,NA,overall,overall
1,GiBleed,omop_table,visit_occurrence,year,1950,incidence_records,NA,count,integer,NA,overall,overall
1,GiBleed,omop_table,visit_occurrence,year,1951,incidence_records,NA,count,integer,NA,overall,overall
1,GiBleed,omop_table,visit_occurrence,year,1952,incidence_records,NA,count,integer,NA,overall,overall
1,GiBleed,omop_table,visit_occurrence,year,1953,incidence_records,NA,count,integer,NA,overall,overall
1,GiBleed,omop_table,visit_occurrence,year,1954,incidence_records,NA,count,integer,NA,overall,overall
1,GiBleed,omop_table,visit_occurrence,year,1955,incidence_records,NA,count,integer,NA,overall,overall
1,GiBleed,omop_table,visit_occurrence,year,1956,incidence_records,NA,count,integer,NA,overall,overall
1,GiBleed,omop_table,visit_occurrence,year,1957,incidence_records,NA,count,integer,NA,overall,overall
1,GiBleed,omop_table,visit_occurrence,year,1958,incidence_records,NA,count,integer,NA,overall,overall
1,GiBleed,omop_table,visit_occurrence,year,1959,incidence_records,NA,count,integer,NA,overall,overall
1,GiBleed,omop_table,visit_occurrence,year,1960,incidence_records,NA,count,integer,NA,overall,overall
1,GiBleed,omop_table,visit_occurrence,year,1961,incidence_records,NA,count,integer,NA,overall,overall
1,GiBleed,omop_table,visit_occurrence,year,1962,incidence_records,NA,count,integer,8,overall,overall
1,GiBleed,omop_table,visit_occurrence,year,1963,incidence_records,NA,count,integer,9,overall,overall
1,GiBleed,omop_table,visit_occurrence,year,1964,incidence_records,NA,count,integer,NA,overall,overall
1,GiBleed,omop_table,visit_occurrence,year,1965,incidence_records,NA,count,integer,9,overall,overall
1,GiBleed,omop_table,visit_occurrence,year,1966,incidence_records,NA,count,integer,NA,overall,overall
1,GiBleed,omop_table,visit_occurrence,year,1967,incidence_records,NA,count,integer,NA,overall,overall
1,GiBleed,omop_table,visit_occurrence,year,1968,incidence_records,NA,count,integer,NA,overall,overall
1,GiBleed,omop_table,visit_occurrence,year,1969,incidence_records,NA,count,integer,8,overall,overall
1,GiBleed,omop_table,visit_occurrence,year,1970,incidence_records,NA,count,integer,9,overall,overall
1,GiBleed,omop_table,visit_occurrence,year,1971,incidence_records,NA,count,integer,10,overall,overall
1,GiBleed,omop_table,visit_occurrence,year,1972,incidence_records,NA,count,integer,16,overall,overall
1,GiBleed,omop_table,visit_occurrence,year,1973,incidence_records,NA,count,integer,NA,overall,overall
1,GiBleed,omop_table,visit_occurrence,year,1974,incidence_records,NA,count,integer,8,overall,overall
1,GiBleed,omop_table,visit_occurrence,year,1975,incidence_records,NA,count,integer,14,overall,overall
1,GiBleed,omop_table,visit_occurrence,year,1976,incidence_records,NA,count,integer,16,overall,overall
1,GiBleed,omop_table,visit_occurrence,year,1977,incidence_records,NA,count,integer,12,overall,overall
1,GiBleed,omop_table,visit_occurrence,year,1978,incidence_records,NA,count,integer,16,overall,overall
1,GiBleed,omop_table,visit_occurrence,year,1979,incidence_records,NA,count,integer,11,overall,overall
1,GiBleed,omop_table,visit_occurrence,year,1980,incidence_records,NA,count,integer,11,overall,overall
1,GiBleed,omop_table,visit_occurrence,year,1981,incidence_records,NA,count,integer,13,overall,overall
1,GiBleed,omop_table,visit_occurrence,year,1982,incidence_records,NA,count,integer,13,overall,overall
1,GiBleed,omop_table,visit_occurrence,year,1983,incidence_records,NA,count,integer,9,overall,overall
1,GiBleed,omop_table,visit_occurrence,year,1984,incidence_records,NA,count,integer,14,overall,overall
1,GiBleed,omop_table,visit_occurrence,year,1985,incidence_records,NA,count,integer,18,overall,overall
1,GiBleed,omop_table,visit_occurrence,year,1986,incidence_records,NA,count,integer,14,overall,overall
1,GiBleed,omop_table,visit_occurrence,year,1987,incidence_records,NA,count,integer,16,overall,overall
1,GiBleed,omop_table,visit_occurrence,year,1988,incidence_records,NA,count,integer,9,overall,overall
1,GiBleed,omop_table,visit_occurrence,year,1989,incidence_records,NA,count,integer,18,overall,overall
1,GiBleed,omop_table,visit_occurrence,year,1990,incidence_records,NA,count,integer,15,overall,overall
1,GiBleed,omop_table,visit_occurrence,year,1991,incidence_records,NA,count,integer,12,overall,overall
1,GiBleed,omop_table,visit_occurrence,year,1992,incidence_records,NA,count,integer,15,overall,overall
1,GiBleed,omop_table,visit_occurrence,year,1993,incidence_records,NA,count,integer,14,overall,overall
1,GiBleed,omop_table,visit_occurrence,year,1994,incidence_records,NA,count,integer,17,overall,overall
1,GiBleed,omop_table,visit_occurrence,year,1995,incidence_records,NA,count,integer,30,overall,overall
1,GiBleed,omop_table,visit_occurrence,year,1996,incidence_records,NA,count,integer,26,overall,overall
1,GiBleed,omop_table,visit_occurrence,year,1997,incidence_records,NA,count,integer,27,overall,overall
1,GiBleed,omop_table,visit_occurrence,year,1998,incidence_records,NA,count,integer,28,overall,overall
1,GiBleed,omop_table,visit_occurrence,year,1999,incidence_records,NA,count,integer,24,overall,overall
1,GiBleed,omop_table,visit_occurrence,year,2000,incidence_records,NA,count,integer,22,overall,overall
1,GiBleed,omop_table,visit_occurrence,year,2001,incidence_records,NA,count,integer,26,overall,overall
1,GiBleed,omop_table,visit_occurrence,year,2002,incidence_records,NA,count,integer,27,overall,overall
1,GiBleed,omop_table,visit_occurrence,year,2003,incidence_records,NA,count,integer,20,overall,overall
1,GiBleed,omop_table,visit_occurrence,year,2004,incidence_records,NA,count,integer,18,overall,overall
1,GiBleed,omop_table,visit_occurrence,year,2005,incidence_records,NA,count,integer,20,overall,overall
1,GiBleed,omop_table,visit_occurrence,year,2006,incidence_records,NA,count,integer,20,overall,overall
1,GiBleed,omop_table,visit_occurrence,year,2007,incidence_records,NA,count,integer,22,overall,overall
1,GiBleed,omop_table,visit_occurrence,year,2008,incidence_records,NA,count,integer,23,overall,overall
1,GiBleed,omop_table,visit_occurrence,year,2009,incidence_records,NA,count,integer,21,overall,overall
1,GiBleed,omop_table,visit_occurrence,year,2010,incidence_records,NA,count,integer,37,overall,overall
1,GiBleed,omop_table,visit_occurrence,year,2011,incidence_records,NA,count,integer,19,overall,overall
1,GiBleed,omop_table,visit_occurrence,year,2012,incidence_records,NA,count,integer,23,overall,overall
1,GiBleed,omop_table,visit_occurrence,year,2013,incidence_records,NA,count,integer,19,overall,overall
1,GiBleed,omop_table,visit_occurrence,year,2014,incidence_records,NA,count,integer,20,overall,overall
1,GiBleed,omop_table,visit_occurrence,year,2015,incidence_records,NA,count,integer,26,overall,overall
1,GiBleed,omop_table,visit_occurrence,year,2016,incidence_records,NA,count,integer,19,overall,overall
1,GiBleed,omop_table,visit_occurrence,year,2017,incidence_records,NA,count,integer,30,overall,overall
1,GiBleed,omop_table,visit_occurrence,year,2018,incidence_records,NA,count,integer,17,overall,overall
1,GiBleed,omop_table,visit_occurrence,year,2019,incidence_records,NA,count,integer,9,overall,overall
2,GiBleed,omop_table,condition_occurrence,year,1908,incidence_records,NA,count,integer,NA,overall,overall
2,GiBleed,omop_table,condition_occurrence,year,1909,incidence_records,NA,count,integer,NA,overall,overall
2,GiBleed,omop_table,condition_occurrence,year,1910,incidence_records,NA,count,integer,16,overall,overall
2,GiBleed,omop_table,condition_occurrence,year,1911,incidence_records,NA,count,integer,18,overall,overall
2,GiBleed,omop_table,condition_occurrence,year,1912,incidence_records,NA,count,integer,31,overall,overall
2,GiBleed,omop_table,condition_occurrence,year,1913,incidence_records,NA,count,integer,38,overall,overall
2,GiBleed,omop_table,condition_occurrence,year,1914,incidence_records,NA,count,integer,32,overall,overall
2,GiBleed,omop_table,condition_occurrence,year,1915,incidence_records,NA,count,integer,40,overall,overall
2,GiBleed,omop_table,condition_occurrence,year,1916,incidence_records,NA,count,integer,41,overall,overall
2,GiBleed,omop_table,condition_occurrence,year,1917,incidence_records,NA,count,integer,42,overall,overall
2,GiBleed,omop_table,condition_occurrence,year,1918,incidence_records,NA,count,integer,35,overall,overall
2,GiBleed,omop_table,condition_occurrence,year,1919,incidence_records,NA,count,integer,43,overall,overall
2,GiBleed,omop_table,condition_occurrence,year,1920,incidence_records,NA,count,integer,50,overall,overall
2,GiBleed,omop_table,condition_occurrence,year,1921,incidence_records,NA,count,integer,56,overall,overall
2,GiBleed,omop_table,condition_occurrence,year,1922,incidence_records,NA,count,integer,61,overall,overall
2,GiBleed,omop_table,condition_occurrence,year,1923,incidence_records,NA,count,integer,69,overall,overall
2,GiBleed,omop_table,condition_occurrence,year,1924,incidence_records,NA,count,integer,63,overall,overall
2,GiBleed,omop_table,condition_occurrence,year,1925,incidence_records,NA,count,integer,76,overall,overall
2,GiBleed,omop_table,condition_occurrence,year,1926,incidence_records,NA,count,integer,80,overall,overall
2,GiBleed,omop_table,condition_occurrence,year,1927,incidence_records,NA,count,integer,74,overall,overall
2,GiBleed,omop_table,condition_occurrence,year,1928,incidence_records,NA,count,integer,75,overall,overall
2,GiBleed,omop_table,condition_occurrence,year,1929,incidence_records,NA,count,integer,64,overall,overall
2,GiBleed,omop_table,condition_occurrence,year,1930,incidence_records,NA,count,integer,63,overall,overall
2,GiBleed,omop_table,condition_occurrence,year,1931,incidence_records,NA,count,integer,82,overall,overall
2,GiBleed,omop_table,condition_occurrence,year,1932,incidence_records,NA,count,integer,74,overall,overall
2,GiBleed,omop_table,condition_occurrence,year,1933,incidence_records,NA,count,integer,78,overall,overall
2,GiBleed,omop_table,condition_occurrence,year,1934,incidence_records,NA,count,integer,87,overall,overall
2,GiBleed,omop_table,condition_occurrence,year,1935,incidence_records,NA,count,integer,82,overall,overall
2,GiBleed,omop_table,condition_occurrence,year,1936,incidence_records,NA,count,integer,118,overall,overall
2,GiBleed,omop_table,condition_occurrence,year,1937,incidence_records,NA,count,integer,119,overall,overall
2,GiBleed,omop_table,condition_occurrence,year,1938,incidence_records,NA,count,integer,121,overall,overall
2,GiBleed,omop_table,condition_occurrence,year,1939,incidence_records,NA,count,integer,135,overall,overall
2,GiBleed,omop_table,condition_occurrence,year,1940,incidence_records,NA,count,integer,148,overall,overall
2,GiBleed,omop_table,condition_occurrence,year,1941,incidence_records,NA,count,integer,166,overall,overall
2,GiBleed,omop_table,condition_occurrence,year,1942,incidence_records,NA,count,integer,167,overall,overall
2,GiBleed,omop_table,condition_occurrence,year,1943,incidence_records,NA,count,integer,191,overall,overall
2,GiBleed,omop_table,condition_occurrence,year,1944,incidence_records,NA,count,integer,213,overall,overall
2,GiBleed,omop_table,condition_occurrence,year,1945,incidence_records,NA,count,integer,209,overall,overall
2,GiBleed,omop_table,condition_occurrence,year,1946,incidence_records,NA,count,integer,234,overall,overall
2,GiBleed,omop_table,condition_occurrence,year,1947,incidence_records,NA,count,integer,292,overall,overall
2,GiBleed,omop_table,condition_occurrence,year,1948,incidence_records,NA,count,integer,273,overall,overall
2,GiBleed,omop_table,condition_occurrence,year,1949,incidence_records,NA,count,integer,313,overall,overall
2,GiBleed,omop_table,condition_occurrence,year,1950,incidence_records,NA,count,integer,332,overall,overall
2,GiBleed,omop_table,condition_occurrence,year,1951,incidence_records,NA,count,integer,334,overall,overall
2,GiBleed,omop_table,condition_occurrence,year,1952,incidence_records,NA,count,integer,425,overall,overall
2,GiBleed,omop_table,condition_occurrence,year,1953,incidence_records,NA,count,integer,408,overall,overall
2,GiBleed,omop_table,condition_occurrence,year,1954,incidence_records,NA,count,integer,422,overall,overall
2,GiBleed,omop_table,condition_occurrence,year,1955,incidence_records,NA,count,integer,457,overall,overall
2,GiBleed,omop_table,condition_occurrence,year,1956,incidence_records,NA,count,integer,458,overall,overall
2,GiBleed,omop_table,condition_occurrence,year,1957,incidence_records,NA,count,integer,484,overall,overall
2,GiBleed,omop_table,condition_occurrence,year,1958,incidence_records,NA,count,integer,542,overall,overall
2,GiBleed,omop_table,condition_occurrence,year,1959,incidence_records,NA,count,integer,557,overall,overall
2,GiBleed,omop_table,condition_occurrence,year,1960,incidence_records,NA,count,integer,554,overall,overall
2,GiBleed,omop_table,condition_occurrence,year,1961,incidence_records,NA,count,integer,612,overall,overall
2,GiBleed,omop_table,condition_occurrence,year,1962,incidence_records,NA,count,integer,650,overall,overall
2,GiBleed,omop_table,condition_occurrence,year,1963,incidence_records,NA,count,integer,649,overall,overall
2,GiBleed,omop_table,condition_occurrence,year,1964,incidence_records,NA,count,integer,719,overall,overall
2,GiBleed,omop_table,condition_occurrence,year,1965,incidence_records,NA,count,integer,721,overall,overall
2,GiBleed,omop_table,condition_occurrence,year,1966,incidence_records,NA,count,integer,753,overall,overall
2,GiBleed,omop_table,condition_occurrence,year,1967,incidence_records,NA,count,integer,804,overall,overall
2,GiBleed,omop_table,condition_occurrence,year,1968,incidence_records,NA,count,integer,853,overall,overall
2,GiBleed,omop_table,condition_occurrence,year,1969,incidence_records,NA,count,integer,814,overall,overall
2,GiBleed,omop_table,condition_occurrence,year,1970,incidence_records,NA,count,integer,822,overall,overall
2,GiBleed,omop_table,condition_occurrence,year,1971,incidence_records,NA,count,integer,883,overall,overall
2,GiBleed,omop_table,condition_occurrence,year,1972,incidence_records,NA,count,integer,878,overall,overall
2,GiBleed,omop_table,condition_occurrence,year,1973,incidence_records,NA,count,integer,992,overall,overall
2,GiBleed,omop_table,condition_occurrence,year,1974,incidence_records,NA,count,integer,954,overall,overall
2,GiBleed,omop_table,condition_occurrence,year,1975,incidence_records,NA,count,integer,978,overall,overall
2,GiBleed,omop_table,condition_occurrence,year,1976,incidence_records,NA,count,integer,950,overall,overall
2,GiBleed,omop_table,condition_occurrence,year,1977,incidence_records,NA,count,integer,985,overall,overall
2,GiBleed,omop_table,condition_occurrence,year,1978,incidence_records,NA,count,integer,1117,overall,overall
2,GiBleed,omop_table,condition_occurrence,year,1979,incidence_records,NA,count,integer,1089,overall,overall
2,GiBleed,omop_table,condition_occurrence,year,1980,incidence_records,NA,count,integer,1076,overall,overall
2,GiBleed,omop_table,condition_occurrence,year,1981,incidence_records,NA,count,integer,1063,overall,overall
2,GiBleed,omop_table,condition_occurrence,year,1982,incidence_records,NA,count,integer,1039,overall,overall
2,GiBleed,omop_table,condition_occurrence,year,1983,incidence_records,NA,count,integer,1040,overall,overall
2,GiBleed,omop_table,condition_occurrence,year,1984,incidence_records,NA,count,integer,1070,overall,overall
2,GiBleed,omop_table,condition_occurrence,year,1985,incidence_records,NA,count,integer,1025,overall,overall
2,GiBleed,omop_table,condition_occurrence,year,1986,incidence_records,NA,count,integer,1051,overall,overall
2,GiBleed,omop_table,condition_occurrence,year,1987,incidence_records,NA,count,integer,1053,overall,overall
2,GiBleed,omop_table,condition_occurrence,year,1988,incidence_records,NA,count,integer,960,overall,overall
2,GiBleed,omop_table,condition_occurrence,year,1989,incidence_records,NA,count,integer,1022,overall,overall
2,GiBleed,omop_table,condition_occurrence,year,1990,incidence_records,NA,count,integer,1034,overall,overall
2,GiBleed,omop_table,condition_occurrence,year,1991,incidence_records,NA,count,integer,989,overall,overall
2,GiBleed,omop_table,condition_occurrence,year,1992,incidence_records,NA,count,integer,990,overall,overall
2,GiBleed,omop_table,condition_occurrence,year,1993,incidence_records,NA,count,integer,1054,overall,overall
2,GiBleed,omop_table,condition_occurrence,year,1994,incidence_records,NA,count,integer,997,overall,overall
2,GiBleed,omop_table,condition_occurrence,year,1995,incidence_records,NA,count,integer,1077,overall,overall
2,GiBleed,omop_table,condition_occurrence,year,1996,incidence_records,NA,count,integer,1008,overall,overall
2,GiBleed,omop_table,condition_occurrence,year,1997,incidence_records,NA,count,integer,1059,overall,overall
2,GiBleed,omop_table,condition_occurrence,year,1998,incidence_records,NA,count,integer,1045,overall,overall
2,GiBleed,omop_table,condition_occurrence,year,1999,incidence_records,NA,count,integer,1055,overall,overall
2,GiBleed,omop_table,condition_occurrence,year,2000,incidence_records,NA,count,integer,1053,overall,overall
2,GiBleed,omop_table,condition_occurrence,year,2001,incidence_records,NA,count,integer,970,overall,overall
2,GiBleed,omop_table,condition_occurrence,year,2002,incidence_records,NA,count,integer,1006,overall,overall
2,GiBleed,omop_table,condition_occurrence,year,2003,incidence_records,NA,count,integer,959,overall,overall
2,GiBleed,omop_table,condition_occurrence,year,2004,incidence_records,NA,count,integer,1054,overall,overall
2,GiBleed,omop_table,condition_occurrence,year,2005,incidence_records,NA,count,integer,1015,overall,overall
2,GiBleed,omop_table,condition_occurrence,year,2006,incidence_records,NA,count,integer,989,overall,overall
2,GiBleed,omop_table,condition_occurrence,year,2007,incidence_records,NA,count,integer,1002,overall,overall
2,GiBleed,omop_table,condition_occurrence,year,2008,incidence_records,NA,count,integer,1049,overall,overall
2,GiBleed,omop_table,condition_occurrence,year,2009,incidence_records,NA,count,integer,973,overall,overall
2,GiBleed,omop_table,condition_occurrence,year,2010,incidence_records,NA,count,integer,979,overall,overall
2,GiBleed,omop_table,condition_occurrence,year,2011,incidence_records,NA,count,integer,967,overall,overall
2,GiBleed,omop_table,condition_occurrence,year,2012,incidence_records,NA,count,integer,988,overall,overall
2,GiBleed,omop_table,condition_occurrence,year,2013,incidence_records,NA,count,integer,943,overall,overall
2,GiBleed,omop_table,condition_occurrence,year,2014,incidence_records,NA,count,integer,981,overall,overall
2,GiBleed,omop_table,condition_occurrence,year,2015,incidence_records,NA,count,integer,933,overall,overall
2,GiBleed,omop_table,condition_occurrence,year,2016,incidence_records,NA,count,integer,999,overall,overall
2,GiBleed,omop_table,condition_occurrence,year,2017,incidence_records,NA,count,integer,988,overall,overall
2,GiBleed,omop_table,condition_occurrence,year,2018,incidence_records,NA,count,integer,924,overall,overall
2,GiBleed,omop_table,condition_occurrence,year,2019,incidence_records,NA,count,integer,398,overall,overall
3,GiBleed,omop_table,drug_exposure,year,1909,incidence_records,NA,count,integer,NA,overall,overall
3,GiBleed,omop_table,drug_exposure,year,1910,incidence_records,NA,count,integer,11,overall,overall
3,GiBleed,omop_table,drug_exposure,year,1911,incidence_records,NA,count,integer,11,overall,overall
3,GiBleed,omop_table,drug_exposure,year,1912,incidence_records,NA,count,integer,22,overall,overall
3,GiBleed,omop_table,drug_exposure,year,1913,incidence_records,NA,count,integer,26,overall,overall
3,GiBleed,omop_table,drug_exposure,year,1914,incidence_records,NA,count,integer,26,overall,overall
3,GiBleed,omop_table,drug_exposure,year,1915,incidence_records,NA,count,integer,30,overall,overall
3,GiBleed,omop_table,drug_exposure,year,1916,incidence_records,NA,count,integer,22,overall,overall
3,GiBleed,omop_table,drug_exposure,year,1917,incidence_records,NA,count,integer,25,overall,overall
3,GiBleed,omop_table,drug_exposure,year,1918,incidence_records,NA,count,integer,20,overall,overall
3,GiBleed,omop_table,drug_exposure,year,1919,incidence_records,NA,count,integer,26,overall,overall
3,GiBleed,omop_table,drug_exposure,year,1920,incidence_records,NA,count,integer,28,overall,overall
3,GiBleed,omop_table,drug_exposure,year,1921,incidence_records,NA,count,integer,33,overall,overall
3,GiBleed,omop_table,drug_exposure,year,1922,incidence_records,NA,count,integer,38,overall,overall
3,GiBleed,omop_table,drug_exposure,year,1923,incidence_records,NA,count,integer,39,overall,overall
3,GiBleed,omop_table,drug_exposure,year,1924,incidence_records,NA,count,integer,44,overall,overall
3,GiBleed,omop_table,drug_exposure,year,1925,incidence_records,NA,count,integer,46,overall,overall
3,GiBleed,omop_table,drug_exposure,year,1926,incidence_records,NA,count,integer,50,overall,overall
3,GiBleed,omop_table,drug_exposure,year,1927,incidence_records,NA,count,integer,47,overall,overall
3,GiBleed,omop_table,drug_exposure,year,1928,incidence_records,NA,count,integer,49,overall,overall
3,GiBleed,omop_table,drug_exposure,year,1929,incidence_records,NA,count,integer,32,overall,overall
3,GiBleed,omop_table,drug_exposure,year,1930,incidence_records,NA,count,integer,45,overall,overall
3,GiBleed,omop_table,drug_exposure,year,1931,incidence_records,NA,count,integer,52,overall,overall
3,GiBleed,omop_table,drug_exposure,year,1932,incidence_records,NA,count,integer,44,overall,overall
3,GiBleed,omop_table,drug_exposure,year,1933,incidence_records,NA,count,integer,44,overall,overall
3,GiBleed,omop_table,drug_exposure,year,1934,incidence_records,NA,count,integer,42,overall,overall
3,GiBleed,omop_table,drug_exposure,year,1935,incidence_records,NA,count,integer,53,overall,overall
3,GiBleed,omop_table,drug_exposure,year,1936,incidence_records,NA,count,integer,69,overall,overall
3,GiBleed,omop_table,drug_exposure,year,1937,incidence_records,NA,count,integer,68,overall,overall
3,GiBleed,omop_table,drug_exposure,year,1938,incidence_records,NA,count,integer,72,overall,overall
3,GiBleed,omop_table,drug_exposure,year,1939,incidence_records,NA,count,integer,84,overall,overall
3,GiBleed,omop_table,drug_exposure,year,1940,incidence_records,NA,count,integer,95,overall,overall
3,GiBleed,omop_table,drug_exposure,year,1941,incidence_records,NA,count,integer,105,overall,overall
3,GiBleed,omop_table,drug_exposure,year,1942,incidence_records,NA,count,integer,97,overall,overall
3,GiBleed,omop_table,drug_exposure,year,1943,incidence_records,NA,count,integer,109,overall,overall
3,GiBleed,omop_table,drug_exposure,year,1944,incidence_records,NA,count,integer,120,overall,overall
3,GiBleed,omop_table,drug_exposure,year,1945,incidence_records,NA,count,integer,168,overall,overall
3,GiBleed,omop_table,drug_exposure,year,1946,incidence_records,NA,count,integer,181,overall,overall
3,GiBleed,omop_table,drug_exposure,year,1947,incidence_records,NA,count,integer,207,overall,overall
3,GiBleed,omop_table,drug_exposure,year,1948,incidence_records,NA,count,integer,190,overall,overall
3,GiBleed,omop_table,drug_exposure,year,1949,incidence_records,NA,count,integer,239,overall,overall
3,GiBleed,omop_table,drug_exposure,year,1950,incidence_records,NA,count,integer,267,overall,overall
3,GiBleed,omop_table,drug_exposure,year,1951,incidence_records,NA,count,integer,248,overall,overall
3,GiBleed,omop_table,drug_exposure,year,1952,incidence_records,NA,count,integer,327,overall,overall
3,GiBleed,omop_table,drug_exposure,year,1953,incidence_records,NA,count,integer,268,overall,overall
3,GiBleed,omop_table,drug_exposure,year,1954,incidence_records,NA,count,integer,311,overall,overall
3,GiBleed,omop_table,drug_exposure,year,1955,incidence_records,NA,count,integer,1078,overall,overall
3,GiBleed,omop_table,drug_exposure,year,1956,incidence_records,NA,count,integer,688,overall,overall
3,GiBleed,omop_table,drug_exposure,year,1957,incidence_records,NA,count,integer,601,overall,overall
3,GiBleed,omop_table,drug_exposure,year,1958,incidence_records,NA,count,integer,580,overall,overall
3,GiBleed,omop_table,drug_exposure,year,1959,incidence_records,NA,count,integer,682,overall,overall
3,GiBleed,omop_table,drug_exposure,year,1960,incidence_records,NA,count,integer,685,overall,overall
3,GiBleed,omop_table,drug_exposure,year,1961,incidence_records,NA,count,integer,738,overall,overall
3,GiBleed,omop_table,drug_exposure,year,1962,incidence_records,NA,count,integer,726,overall,overall
3,GiBleed,omop_table,drug_exposure,year,1963,incidence_records,NA,count,integer,758,overall,overall
3,GiBleed,omop_table,drug_exposure,year,1964,incidence_records,NA,count,integer,850,overall,overall
3,GiBleed,omop_table,drug_exposure,year,1965,incidence_records,NA,count,integer,748,overall,overall
3,GiBleed,omop_table,drug_exposure,year,1966,incidence_records,NA,count,integer,813,overall,overall
3,GiBleed,omop_table,drug_exposure,year,1967,incidence_records,NA,count,integer,828,overall,overall
3,GiBleed,omop_table,drug_exposure,year,1968,incidence_records,NA,count,integer,816,overall,overall
3,GiBleed,omop_table,drug_exposure,year,1969,incidence_records,NA,count,integer,838,overall,overall
3,GiBleed,omop_table,drug_exposure,year,1970,incidence_records,NA,count,integer,854,overall,overall
3,GiBleed,omop_table,drug_exposure,year,1971,incidence_records,NA,count,integer,916,overall,overall
3,GiBleed,omop_table,drug_exposure,year,1972,incidence_records,NA,count,integer,923,overall,overall
3,GiBleed,omop_table,drug_exposure,year,1973,incidence_records,NA,count,integer,942,overall,overall
3,GiBleed,omop_table,drug_exposure,year,1974,incidence_records,NA,count,integer,948,overall,overall
3,GiBleed,omop_table,drug_exposure,year,1975,incidence_records,NA,count,integer,921,overall,overall
3,GiBleed,omop_table,drug_exposure,year,1976,incidence_records,NA,count,integer,936,overall,overall
3,GiBleed,omop_table,drug_exposure,year,1977,incidence_records,NA,count,integer,1487,overall,overall
3,GiBleed,omop_table,drug_exposure,year,1978,incidence_records,NA,count,integer,1254,overall,overall
3,GiBleed,omop_table,drug_exposure,year,1979,incidence_records,NA,count,integer,994,overall,overall
3,GiBleed,omop_table,drug_exposure,year,1980,incidence_records,NA,count,integer,983,overall,overall
3,GiBleed,omop_table,drug_exposure,year,1981,incidence_records,NA,count,integer,1070,overall,overall
3,GiBleed,omop_table,drug_exposure,year,1982,incidence_records,NA,count,integer,990,overall,overall
3,GiBleed,omop_table,drug_exposure,year,1983,incidence_records,NA,count,integer,968,overall,overall
3,GiBleed,omop_table,drug_exposure,year,1984,incidence_records,NA,count,integer,1156,overall,overall
3,GiBleed,omop_table,drug_exposure,year,1985,incidence_records,NA,count,integer,819,overall,overall
3,GiBleed,omop_table,drug_exposure,year,1986,incidence_records,NA,count,integer,862,overall,overall
3,GiBleed,omop_table,drug_exposure,year,1987,incidence_records,NA,count,integer,757,overall,overall
3,GiBleed,omop_table,drug_exposure,year,1988,incidence_records,NA,count,integer,760,overall,overall
3,GiBleed,omop_table,drug_exposure,year,1989,incidence_records,NA,count,integer,819,overall,overall
3,GiBleed,omop_table,drug_exposure,year,1990,incidence_records,NA,count,integer,694,overall,overall
3,GiBleed,omop_table,drug_exposure,year,1991,incidence_records,NA,count,integer,771,overall,overall
3,GiBleed,omop_table,drug_exposure,year,1992,incidence_records,NA,count,integer,1165,overall,overall
3,GiBleed,omop_table,drug_exposure,year,1993,incidence_records,NA,count,integer,1142,overall,overall
3,GiBleed,omop_table,drug_exposure,year,1994,incidence_records,NA,count,integer,1042,overall,overall
3,GiBleed,omop_table,drug_exposure,year,1995,incidence_records,NA,count,integer,1066,overall,overall
3,GiBleed,omop_table,drug_exposure,year,1996,incidence_records,NA,count,integer,1106,overall,overall
3,GiBleed,omop_table,drug_exposure,year,1997,incidence_records,NA,count,integer,1204,overall,overall
3,GiBleed,omop_table,drug_exposure,year,1998,incidence_records,NA,count,integer,1070,overall,overall
3,GiBleed,omop_table,drug_exposure,year,1999,incidence_records,NA,count,integer,1042,overall,overall
3,GiBleed,omop_table,drug_exposure,year,2000,incidence_records,NA,count,integer,1080,overall,overall
3,GiBleed,omop_table,drug_exposure,year,2001,incidence_records,NA,count,integer,1105,overall,overall
3,GiBleed,omop_table,drug_exposure,year,2002,incidence_records,NA,count,integer,1070,overall,overall
3,GiBleed,omop_table,drug_exposure,year,2003,incidence_records,NA,count,integer,1032,overall,overall
3,GiBleed,omop_table,drug_exposure,year,2004,incidence_records,NA,count,integer,1053,overall,overall
3,GiBleed,omop_table,drug_exposure,year,2005,incidence_records,NA,count,integer,1061,overall,overall
3,GiBleed,omop_table,drug_exposure,year,2006,incidence_records,NA,count,integer,1275,overall,overall
3,GiBleed,omop_table,drug_exposure,year,2007,incidence_records,NA,count,integer,1268,overall,overall
3,GiBleed,omop_table,drug_exposure,year,2008,incidence_records,NA,count,integer,1097,overall,overall
3,GiBleed,omop_table,drug_exposure,year,2009,incidence_records,NA,count,integer,1087,overall,overall
3,GiBleed,omop_table,drug_exposure,year,2010,incidence_records,NA,count,integer,1230,overall,overall
3,GiBleed,omop_table,drug_exposure,year,2011,incidence_records,NA,count,integer,1224,overall,overall
3,GiBleed,omop_table,drug_exposure,year,2012,incidence_records,NA,count,integer,1255,overall,overall
3,GiBleed,omop_table,drug_exposure,year,2013,incidence_records,NA,count,integer,1183,overall,overall
3,GiBleed,omop_table,drug_exposure,year,2014,incidence_records,NA,count,integer,1253,overall,overall
3,GiBleed,omop_table,drug_exposure,year,2015,incidence_records,NA,count,integer,1091,overall,overall
3,GiBleed,omop_table,drug_exposure,year,2016,incidence_records,NA,count,integer,1176,overall,overall
3,GiBleed,omop_table,drug_exposure,year,2017,incidence_records,NA,count,integer,1220,overall,overall
3,GiBleed,omop_table,drug_exposure,year,2018,incidence_records,NA,count,integer,1131,overall,overall
3,GiBleed,omop_table,drug_exposure,year,2019,incidence_records,NA,count,integer,512,overall,overall
4,GiBleed,omop_table,procedure_occurrence,year,1911,incidence_records,NA,count,integer,NA,overall,overall
4,GiBleed,omop_table,procedure_occurrence,year,1912,incidence_records,NA,count,integer,NA,overall,overall
4,GiBleed,omop_table,procedure_occurrence,year,1913,incidence_records,NA,count,integer,NA,overall,overall
4,GiBleed,omop_table,procedure_occurrence,year,1914,incidence_records,NA,count,integer,NA,overall,overall
4,GiBleed,omop_table,procedure_occurrence,year,1915,incidence_records,NA,count,integer,12,overall,overall
4,GiBleed,omop_table,procedure_occurrence,year,1916,incidence_records,NA,count,integer,9,overall,overall
4,GiBleed,omop_table,procedure_occurrence,year,1917,incidence_records,NA,count,integer,11,overall,overall
4,GiBleed,omop_table,procedure_occurrence,year,1918,incidence_records,NA,count,integer,8,overall,overall
4,GiBleed,omop_table,procedure_occurrence,year,1919,incidence_records,NA,count,integer,12,overall,overall
4,GiBleed,omop_table,procedure_occurrence,year,1920,incidence_records,NA,count,integer,NA,overall,overall
4,GiBleed,omop_table,procedure_occurrence,year,1921,incidence_records,NA,count,integer,17,overall,overall
4,GiBleed,omop_table,procedure_occurrence,year,1922,incidence_records,NA,count,integer,12,overall,overall
4,GiBleed,omop_table,procedure_occurrence,year,1923,incidence_records,NA,count,integer,10,overall,overall
4,GiBleed,omop_table,procedure_occurrence,year,1924,incidence_records,NA,count,integer,15,overall,overall
4,GiBleed,omop_table,procedure_occurrence,year,1925,incidence_records,NA,count,integer,20,overall,overall
4,GiBleed,omop_table,procedure_occurrence,year,1926,incidence_records,NA,count,integer,31,overall,overall
4,GiBleed,omop_table,procedure_occurrence,year,1927,incidence_records,NA,count,integer,21,overall,overall
4,GiBleed,omop_table,procedure_occurrence,year,1928,incidence_records,NA,count,integer,32,overall,overall
4,GiBleed,omop_table,procedure_occurrence,year,1929,incidence_records,NA,count,integer,22,overall,overall
4,GiBleed,omop_table,procedure_occurrence,year,1930,incidence_records,NA,count,integer,11,overall,overall
4,GiBleed,omop_table,procedure_occurrence,year,1931,incidence_records,NA,count,integer,14,overall,overall
4,GiBleed,omop_table,procedure_occurrence,year,1932,incidence_records,NA,count,integer,21,overall,overall
4,GiBleed,omop_table,procedure_occurrence,year,1933,incidence_records,NA,count,integer,17,overall,overall
4,GiBleed,omop_table,procedure_occurrence,year,1934,incidence_records,NA,count,integer,17,overall,overall
4,GiBleed,omop_table,procedure_occurrence,year,1935,incidence_records,NA,count,integer,12,overall,overall
4,GiBleed,omop_table,procedure_occurrence,year,1936,incidence_records,NA,count,integer,26,overall,overall
4,GiBleed,omop_table,procedure_occurrence,year,1937,incidence_records,NA,count,integer,27,overall,overall
4,GiBleed,omop_table,procedure_occurrence,year,1938,incidence_records,NA,count,integer,33,overall,overall
4,GiBleed,omop_table,procedure_occurrence,year,1939,incidence_records,NA,count,integer,42,overall,overall
4,GiBleed,omop_table,procedure_occurrence,year,1940,incidence_records,NA,count,integer,30,overall,overall
4,GiBleed,omop_table,procedure_occurrence,year,1941,incidence_records,NA,count,integer,40,overall,overall
4,GiBleed,omop_table,procedure_occurrence,year,1942,incidence_records,NA,count,integer,41,overall,overall
4,GiBleed,omop_table,procedure_occurrence,year,1943,incidence_records,NA,count,integer,41,overall,overall
4,GiBleed,omop_table,procedure_occurrence,year,1944,incidence_records,NA,count,integer,64,overall,overall
4,GiBleed,omop_table,procedure_occurrence,year,1945,incidence_records,NA,count,integer,87,overall,overall
4,GiBleed,omop_table,procedure_occurrence,year,1946,incidence_records,NA,count,integer,90,overall,overall
4,GiBleed,omop_table,procedure_occurrence,year,1947,incidence_records,NA,count,integer,82,overall,overall
4,GiBleed,omop_table,procedure_occurrence,year,1948,incidence_records,NA,count,integer,90,overall,overall
4,GiBleed,omop_table,procedure_occurrence,year,1949,incidence_records,NA,count,integer,83,overall,overall
4,GiBleed,omop_table,procedure_occurrence,year,1950,incidence_records,NA,count,integer,90,overall,overall
4,GiBleed,omop_table,procedure_occurrence,year,1951,incidence_records,NA,count,integer,68,overall,overall
4,GiBleed,omop_table,procedure_occurrence,year,1952,incidence_records,NA,count,integer,81,overall,overall
4,GiBleed,omop_table,procedure_occurrence,year,1953,incidence_records,NA,count,integer,87,overall,overall
4,GiBleed,omop_table,procedure_occurrence,year,1954,incidence_records,NA,count,integer,71,overall,overall
4,GiBleed,omop_table,procedure_occurrence,year,1955,incidence_records,NA,count,integer,95,overall,overall
4,GiBleed,omop_table,procedure_occurrence,year,1956,incidence_records,NA,count,integer,89,overall,overall
4,GiBleed,omop_table,procedure_occurrence,year,1957,incidence_records,NA,count,integer,94,overall,overall
4,GiBleed,omop_table,procedure_occurrence,year,1958,incidence_records,NA,count,integer,105,overall,overall
4,GiBleed,omop_table,procedure_occurrence,year,1959,incidence_records,NA,count,integer,107,overall,overall
4,GiBleed,omop_table,procedure_occurrence,year,1960,incidence_records,NA,count,integer,148,overall,overall
4,GiBleed,omop_table,procedure_occurrence,year,1961,incidence_records,NA,count,integer,172,overall,overall
4,GiBleed,omop_table,procedure_occurrence,year,1962,incidence_records,NA,count,integer,191,overall,overall
4,GiBleed,omop_table,procedure_occurrence,year,1963,incidence_records,NA,count,integer,185,overall,overall
4,GiBleed,omop_table,procedure_occurrence,year,1964,incidence_records,NA,count,integer,184,overall,overall
4,GiBleed,omop_table,procedure_occurrence,year,1965,incidence_records,NA,count,integer,201,overall,overall
4,GiBleed,omop_table,procedure_occurrence,year,1966,incidence_records,NA,count,integer,201,overall,overall
4,GiBleed,omop_table,procedure_occurrence,year,1967,incidence_records,NA,count,integer,213,overall,overall
4,GiBleed,omop_table,procedure_occurrence,year,1968,incidence_records,NA,count,integer,225,overall,overall
4,GiBleed,omop_table,procedure_occurrence,year,1969,incidence_records,NA,count,integer,232,overall,overall
4,GiBleed,omop_table,procedure_occurrence,year,1970,incidence_records,NA,count,integer,227,overall,overall
4,GiBleed,omop_table,procedure_occurrence,year,1971,incidence_records,NA,count,integer,220,overall,overall
4,GiBleed,omop_table,procedure_occurrence,year,1972,incidence_records,NA,count,integer,248,overall,overall
4,GiBleed,omop_table,procedure_occurrence,year,1973,incidence_records,NA,count,integer,262,overall,overall
4,GiBleed,omop_table,procedure_occurrence,year,1974,incidence_records,NA,count,integer,282,overall,overall
4,GiBleed,omop_table,procedure_occurrence,year,1975,incidence_records,NA,count,integer,258,overall,overall
4,GiBleed,omop_table,procedure_occurrence,year,1976,incidence_records,NA,count,integer,250,overall,overall
4,GiBleed,omop_table,procedure_occurrence,year,1977,incidence_records,NA,count,integer,298,overall,overall
4,GiBleed,omop_table,procedure_occurrence,year,1978,incidence_records,NA,count,integer,336,overall,overall
4,GiBleed,omop_table,procedure_occurrence,year,1979,incidence_records,NA,count,integer,347,overall,overall
4,GiBleed,omop_table,procedure_occurrence,year,1980,incidence_records,NA,count,integer,293,overall,overall
4,GiBleed,omop_table,procedure_occurrence,year,1981,incidence_records,NA,count,integer,308,overall,overall
4,GiBleed,omop_table,procedure_occurrence,year,1982,incidence_records,NA,count,integer,353,overall,overall
4,GiBleed,omop_table,procedure_occurrence,year,1983,incidence_records,NA,count,integer,324,overall,overall
4,GiBleed,omop_table,procedure_occurrence,year,1984,incidence_records,NA,count,integer,337,overall,overall
4,GiBleed,omop_table,procedure_occurrence,year,1985,incidence_records,NA,count,integer,320,overall,overall
4,GiBleed,omop_table,procedure_occurrence,year,1986,incidence_records,NA,count,integer,352,overall,overall
4,GiBleed,omop_table,procedure_occurrence,year,1987,incidence_records,NA,count,integer,317,overall,overall
4,GiBleed,omop_table,procedure_occurrence,year,1988,incidence_records,NA,count,integer,316,overall,overall
4,GiBleed,omop_table,procedure_occurrence,year,1989,incidence_records,NA,count,integer,340,overall,overall
4,GiBleed,omop_table,procedure_occurrence,year,1990,incidence_records,NA,count,integer,4599,overall,overall
4,GiBleed,omop_table,procedure_occurrence,year,1991,incidence_records,NA,count,integer,4506,overall,overall
4,GiBleed,omop_table,procedure_occurrence,year,1992,incidence_records,NA,count,integer,4717,overall,overall
4,GiBleed,omop_table,procedure_occurrence,year,1993,incidence_records,NA,count,integer,2843,overall,overall
4,GiBleed,omop_table,procedure_occurrence,year,1994,incidence_records,NA,count,integer,614,overall,overall
4,GiBleed,omop_table,procedure_occurrence,year,1995,incidence_records,NA,count,integer,690,overall,overall
4,GiBleed,omop_table,procedure_occurrence,year,1996,incidence_records,NA,count,integer,685,overall,overall
4,GiBleed,omop_table,procedure_occurrence,year,1997,incidence_records,NA,count,integer,725,overall,overall
4,GiBleed,omop_table,procedure_occurrence,year,1998,incidence_records,NA,count,integer,598,overall,overall
4,GiBleed,omop_table,procedure_occurrence,year,1999,incidence_records,NA,count,integer,455,overall,overall
4,GiBleed,omop_table,procedure_occurrence,year,2000,incidence_records,NA,count,integer,417,overall,overall
4,GiBleed,omop_table,procedure_occurrence,year,2001,incidence_records,NA,count,integer,319,overall,overall
4,GiBleed,omop_table,procedure_occurrence,year,2002,incidence_records,NA,count,integer,323,overall,overall
4,GiBleed,omop_table,procedure_occurrence,year,2003,incidence_records,NA,count,integer,330,overall,overall
4,GiBleed,omop_table,procedure_occurrence,year,2004,incidence_records,NA,count,integer,361,overall,overall
4,GiBleed,omop_table,procedure_occurrence,year,2005,incidence_records,NA,count,integer,348,overall,overall
4,GiBleed,omop_table,procedure_occurrence,year,2006,incidence_records,NA,count,integer,339,overall,overall
4,GiBleed,omop_table,procedure_occurrence,year,2007,incidence_records,NA,count,integer,339,overall,overall
4,GiBleed,omop_table,procedure_occurrence,year,2008,incidence_records,NA,count,integer,310,overall,overall
4,GiBleed,omop_table,procedure_occurrence,year,2009,incidence_records,NA,count,integer,344,overall,overall
4,GiBleed,omop_table,procedure_occurrence,year,2010,incidence_records,NA,count,integer,373,overall,overall
4,GiBleed,omop_table,procedure_occurrence,year,2011,incidence_records,NA,count,integer,407,overall,overall
4,GiBleed,omop_table,procedure_occurrence,year,2012,incidence_records,NA,count,integer,416,overall,overall
4,GiBleed,omop_table,procedure_occurrence,year,2013,incidence_records,NA,count,integer,380,overall,overall
4,GiBleed,omop_table,procedure_occurrence,year,2014,incidence_records,NA,count,integer,355,overall,overall
4,GiBleed,omop_table,procedure_occurrence,year,2015,incidence_records,NA,count,integer,348,overall,overall
4,GiBleed,omop_table,procedure_occurrence,year,2016,incidence_records,NA,count,integer,348,overall,overall
4,GiBleed,omop_table,procedure_occurrence,year,2017,incidence_records,NA,count,integer,373,overall,overall
4,GiBleed,omop_table,procedure_occurrence,year,2018,incidence_records,NA,count,integer,391,overall,overall
4,GiBleed,omop_table,procedure_occurrence,year,2019,incidence_records,NA,count,integer,190,overall,overall
5,GiBleed,omop_table,measurement,year,1909,incidence_records,NA,count,integer,NA,overall,overall
5,GiBleed,omop_table,measurement,year,1910,incidence_records,NA,count,integer,NA,overall,overall
5,GiBleed,omop_table,measurement,year,1911,incidence_records,NA,count,integer,10,overall,overall
5,GiBleed,omop_table,measurement,year,1912,incidence_records,NA,count,integer,18,overall,overall
5,GiBleed,omop_table,measurement,year,1913,incidence_records,NA,count,integer,43,overall,overall
5,GiBleed,omop_table,measurement,year,1914,incidence_records,NA,count,integer,8,overall,overall
5,GiBleed,omop_table,measurement,year,1915,incidence_records,NA,count,integer,10,overall,overall
5,GiBleed,omop_table,measurement,year,1916,incidence_records,NA,count,integer,19,overall,overall
5,GiBleed,omop_table,measurement,year,1917,incidence_records,NA,count,integer,20,overall,overall
5,GiBleed,omop_table,measurement,year,1918,incidence_records,NA,count,integer,19,overall,overall
5,GiBleed,omop_table,measurement,year,1919,incidence_records,NA,count,integer,15,overall,overall
5,GiBleed,omop_table,measurement,year,1920,incidence_records,NA,count,integer,27,overall,overall
5,GiBleed,omop_table,measurement,year,1921,incidence_records,NA,count,integer,88,overall,overall
5,GiBleed,omop_table,measurement,year,1922,incidence_records,NA,count,integer,52,overall,overall
5,GiBleed,omop_table,measurement,year,1923,incidence_records,NA,count,integer,33,overall,overall
5,GiBleed,omop_table,measurement,year,1924,incidence_records,NA,count,integer,42,overall,overall
5,GiBleed,omop_table,measurement,year,1925,incidence_records,NA,count,integer,24,overall,overall
5,GiBleed,omop_table,measurement,year,1926,incidence_records,NA,count,integer,44,overall,overall
5,GiBleed,omop_table,measurement,year,1927,incidence_records,NA,count,integer,36,overall,overall
5,GiBleed,omop_table,measurement,year,1928,incidence_records,NA,count,integer,49,overall,overall
5,GiBleed,omop_table,measurement,year,1929,incidence_records,NA,count,integer,23,overall,overall
5,GiBleed,omop_table,measurement,year,1930,incidence_records,NA,count,integer,27,overall,overall
5,GiBleed,omop_table,measurement,year,1931,incidence_records,NA,count,integer,38,overall,overall
5,GiBleed,omop_table,measurement,year,1932,incidence_records,NA,count,integer,25,overall,overall
5,GiBleed,omop_table,measurement,year,1933,incidence_records,NA,count,integer,34,overall,overall
5,GiBleed,omop_table,measurement,year,1934,incidence_records,NA,count,integer,66,overall,overall
5,GiBleed,omop_table,measurement,year,1935,incidence_records,NA,count,integer,50,overall,overall
5,GiBleed,omop_table,measurement,year,1936,incidence_records,NA,count,integer,46,overall,overall
5,GiBleed,omop_table,measurement,year,1937,incidence_records,NA,count,integer,49,overall,overall
5,GiBleed,omop_table,measurement,year,1938,incidence_records,NA,count,integer,51,overall,overall
5,GiBleed,omop_table,measurement,year,1939,incidence_records,NA,count,integer,94,overall,overall
5,GiBleed,omop_table,measurement,year,1940,incidence_records,NA,count,integer,90,overall,overall
5,GiBleed,omop_table,measurement,year,1941,incidence_records,NA,count,integer,98,overall,overall
5,GiBleed,omop_table,measurement,year,1942,incidence_records,NA,count,integer,73,overall,overall
5,GiBleed,omop_table,measurement,year,1943,incidence_records,NA,count,integer,56,overall,overall
5,GiBleed,omop_table,measurement,year,1944,incidence_records,NA,count,integer,93,overall,overall
5,GiBleed,omop_table,measurement,year,1945,incidence_records,NA,count,integer,109,overall,overall
5,GiBleed,omop_table,measurement,year,1946,incidence_records,NA,count,integer,89,overall,overall
5,GiBleed,omop_table,measurement,year,1947,incidence_records,NA,count,integer,208,overall,overall
5,GiBleed,omop_table,measurement,year,1948,incidence_records,NA,count,integer,164,overall,overall
5,GiBleed,omop_table,measurement,year,1949,incidence_records,NA,count,integer,188,overall,overall
5,GiBleed,omop_table,measurement,year,1950,incidence_records,NA,count,integer,151,overall,overall
5,GiBleed,omop_table,measurement,year,1951,incidence_records,NA,count,integer,160,overall,overall
5,GiBleed,omop_table,measurement,year,1952,incidence_records,NA,count,integer,228,overall,overall
5,GiBleed,omop_table,measurement,year,1953,incidence_records,NA,count,integer,220,overall,overall
5,GiBleed,omop_table,measurement,year,1954,incidence_records,NA,count,integer,215,overall,overall
5,GiBleed,omop_table,measurement,year,1955,incidence_records,NA,count,integer,191,overall,overall
5,GiBleed,omop_table,measurement,year,1956,incidence_records,NA,count,integer,246,overall,overall
5,GiBleed,omop_table,measurement,year,1957,incidence_records,NA,count,integer,287,overall,overall
5,GiBleed,omop_table,measurement,year,1958,incidence_records,NA,count,integer,268,overall,overall
5,GiBleed,omop_table,measurement,year,1959,incidence_records,NA,count,integer,293,overall,overall
5,GiBleed,omop_table,measurement,year,1960,incidence_records,NA,count,integer,290,overall,overall
5,GiBleed,omop_table,measurement,year,1961,incidence_records,NA,count,integer,303,overall,overall
5,GiBleed,omop_table,measurement,year,1962,incidence_records,NA,count,integer,355,overall,overall
5,GiBleed,omop_table,measurement,year,1963,incidence_records,NA,count,integer,406,overall,overall
5,GiBleed,omop_table,measurement,year,1964,incidence_records,NA,count,integer,311,overall,overall
5,GiBleed,omop_table,measurement,year,1965,incidence_records,NA,count,integer,441,overall,overall
5,GiBleed,omop_table,measurement,year,1966,incidence_records,NA,count,integer,478,overall,overall
5,GiBleed,omop_table,measurement,year,1967,incidence_records,NA,count,integer,494,overall,overall
5,GiBleed,omop_table,measurement,year,1968,incidence_records,NA,count,integer,402,overall,overall
5,GiBleed,omop_table,measurement,year,1969,incidence_records,NA,count,integer,401,overall,overall
5,GiBleed,omop_table,measurement,year,1970,incidence_records,NA,count,integer,434,overall,overall
5,GiBleed,omop_table,measurement,year,1971,incidence_records,NA,count,integer,483,overall,overall
5,GiBleed,omop_table,measurement,year,1972,incidence_records,NA,count,integer,429,overall,overall
5,GiBleed,omop_table,measurement,year,1973,incidence_records,NA,count,integer,523,overall,overall
5,GiBleed,omop_table,measurement,year,1974,incidence_records,NA,count,integer,494,overall,overall
5,GiBleed,omop_table,measurement,year,1975,incidence_records,NA,count,integer,551,overall,overall
5,GiBleed,omop_table,measurement,year,1976,incidence_records,NA,count,integer,570,overall,overall
5,GiBleed,omop_table,measurement,year,1977,incidence_records,NA,count,integer,650,overall,overall
5,GiBleed,omop_table,measurement,year,1978,incidence_records,NA,count,integer,716,overall,overall
5,GiBleed,omop_table,measurement,year,1979,incidence_records,NA,count,integer,682,overall,overall
5,GiBleed,omop_table,measurement,year,1980,incidence_records,NA,count,integer,546,overall,overall
5,GiBleed,omop_table,measurement,year,1981,incidence_records,NA,count,integer,592,overall,overall
5,GiBleed,omop_table,measurement,year,1982,incidence_records,NA,count,integer,510,overall,overall
5,GiBleed,omop_table,measurement,year,1983,incidence_records,NA,count,integer,621,overall,overall
5,GiBleed,omop_table,measurement,year,1984,incidence_records,NA,count,integer,662,overall,overall
5,GiBleed,omop_table,measurement,year,1985,incidence_records,NA,count,integer,514,overall,overall
5,GiBleed,omop_table,measurement,year,1986,incidence_records,NA,count,integer,583,overall,overall
5,GiBleed,omop_table,measurement,year,1987,incidence_records,NA,count,integer,439,overall,overall
5,GiBleed,omop_table,measurement,year,1988,incidence_records,NA,count,integer,427,overall,overall
5,GiBleed,omop_table,measurement,year,1989,incidence_records,NA,count,integer,648,overall,overall
5,GiBleed,omop_table,measurement,year,1990,incidence_records,NA,count,integer,4134,overall,overall
5,GiBleed,omop_table,measurement,year,1991,incidence_records,NA,count,integer,603,overall,overall
5,GiBleed,omop_table,measurement,year,1992,incidence_records,NA,count,integer,544,overall,overall
5,GiBleed,omop_table,measurement,year,1993,incidence_records,NA,count,integer,4265,overall,overall
5,GiBleed,omop_table,measurement,year,1994,incidence_records,NA,count,integer,739,overall,overall
5,GiBleed,omop_table,measurement,year,1995,incidence_records,NA,count,integer,734,overall,overall
5,GiBleed,omop_table,measurement,year,1996,incidence_records,NA,count,integer,634,overall,overall
5,GiBleed,omop_table,measurement,year,1997,incidence_records,NA,count,integer,731,overall,overall
5,GiBleed,omop_table,measurement,year,1998,incidence_records,NA,count,integer,607,overall,overall
5,GiBleed,omop_table,measurement,year,1999,incidence_records,NA,count,integer,694,overall,overall
5,GiBleed,omop_table,measurement,year,2000,incidence_records,NA,count,integer,491,overall,overall
5,GiBleed,omop_table,measurement,year,2001,incidence_records,NA,count,integer,561,overall,overall
5,GiBleed,omop_table,measurement,year,2002,incidence_records,NA,count,integer,541,overall,overall
5,GiBleed,omop_table,measurement,year,2003,incidence_records,NA,count,integer,574,overall,overall
5,GiBleed,omop_table,measurement,year,2004,incidence_records,NA,count,integer,526,overall,overall
5,GiBleed,omop_table,measurement,year,2005,incidence_records,NA,count,integer,573,overall,overall
5,GiBleed,omop_table,measurement,year,2006,incidence_records,NA,count,integer,529,overall,overall
5,GiBleed,omop_table,measurement,year,2007,incidence_records,NA,count,integer,487,overall,overall
5,GiBleed,omop_table,measurement,year,2008,incidence_records,NA,count,integer,505,overall,overall
5,GiBleed,omop_table,measurement,year,2009,incidence_records,NA,count,integer,605,overall,overall
5,GiBleed,omop_table,measurement,year,2010,incidence_records,NA,count,integer,611,overall,overall
5,GiBleed,omop_table,measurement,year,2011,incidence_records,NA,count,integer,575,overall,overall
5,GiBleed,omop_table,measurement,year,2012,incidence_records,NA,count,integer,594,overall,overall
5,GiBleed,omop_table,measurement,year,2013,incidence_records,NA,count,integer,584,overall,overall
5,GiBleed,omop_table,measurement,year,2014,incidence_records,NA,count,integer,585,overall,overall
5,GiBleed,omop_table,measurement,year,2015,incidence_records,NA,count,integer,558,overall,overall
5,GiBleed,omop_table,measurement,year,2016,incidence_records,NA,count,integer,602,overall,overall
5,GiBleed,omop_table,measurement,year,2017,incidence_records,NA,count,integer,568,overall,overall
5,GiBleed,omop_table,measurement,year,2018,incidence_records,NA,count,integer,584,overall,overall
5,GiBleed,omop_table,measurement,year,2019,incidence_records,NA,count,integer,260,overall,overall
6,GiBleed,omop_table,observation,year,1910,incidence_records,NA,count,integer,NA,overall,overall
6,GiBleed,omop_table,observation,year,1911,incidence_records,NA,count,integer,NA,overall,overall
6,GiBleed,omop_table,observation,year,1912,incidence_records,NA,count,integer,NA,overall,overall
6,GiBleed,omop_table,observation,year,1913,incidence_records,NA,count,integer,NA,overall,overall
6,GiBleed,omop_table,observation,year,1922,incidence_records,NA,count,integer,NA,overall,overall
6,GiBleed,omop_table,observation,year,1923,incidence_records,NA,count,integer,NA,overall,overall
6,GiBleed,omop_table,observation,year,1925,incidence_records,NA,count,integer,NA,overall,overall
6,GiBleed,omop_table,observation,year,1926,incidence_records,NA,count,integer,NA,overall,overall
6,GiBleed,omop_table,observation,year,1928,incidence_records,NA,count,integer,NA,overall,overall
6,GiBleed,omop_table,observation,year,1931,incidence_records,NA,count,integer,NA,overall,overall
6,GiBleed,omop_table,observation,year,1932,incidence_records,NA,count,integer,NA,overall,overall
6,GiBleed,omop_table,observation,year,1933,incidence_records,NA,count,integer,NA,overall,overall
6,GiBleed,omop_table,observation,year,1934,incidence_records,NA,count,integer,NA,overall,overall
6,GiBleed,omop_table,observation,year,1935,incidence_records,NA,count,integer,NA,overall,overall
6,GiBleed,omop_table,observation,year,1936,incidence_records,NA,count,integer,NA,overall,overall
6,GiBleed,omop_table,observation,year,1938,incidence_records,NA,count,integer,NA,overall,overall
6,GiBleed,omop_table,observation,year,1939,incidence_records,NA,count,integer,NA,overall,overall
6,GiBleed,omop_table,observation,year,1940,incidence_records,NA,count,integer,NA,overall,overall
6,GiBleed,omop_table,observation,year,1941,incidence_records,NA,count,integer,NA,overall,overall
6,GiBleed,omop_table,observation,year,1942,incidence_records,NA,count,integer,10,overall,overall
6,GiBleed,omop_table,observation,year,1944,incidence_records,NA,count,integer,9,overall,overall
6,GiBleed,omop_table,observation,year,1945,incidence_records,NA,count,integer,NA,overall,overall
6,GiBleed,omop_table,observation,year,1946,incidence_records,NA,count,integer,NA,overall,overall
6,GiBleed,omop_table,observation,year,1947,incidence_records,NA,count,integer,15,overall,overall
6,GiBleed,omop_table,observation,year,1948,incidence_records,NA,count,integer,NA,overall,overall
6,GiBleed,omop_table,observation,year,1949,incidence_records,NA,count,integer,NA,overall,overall
6,GiBleed,omop_table,observation,year,1950,incidence_records,NA,count,integer,NA,overall,overall
6,GiBleed,omop_table,observation,year,1951,incidence_records,NA,count,integer,28,overall,overall
6,GiBleed,omop_table,observation,year,1952,incidence_records,NA,count,integer,34,overall,overall
6,GiBleed,omop_table,observation,year,1953,incidence_records,NA,count,integer,22,overall,overall
6,GiBleed,omop_table,observation,year,1954,incidence_records,NA,count,integer,10,overall,overall
6,GiBleed,omop_table,observation,year,1955,incidence_records,NA,count,integer,16,overall,overall
6,GiBleed,omop_table,observation,year,1956,incidence_records,NA,count,integer,34,overall,overall
6,GiBleed,omop_table,observation,year,1957,incidence_records,NA,count,integer,NA,overall,overall
6,GiBleed,omop_table,observation,year,1958,incidence_records,NA,count,integer,31,overall,overall
6,GiBleed,omop_table,observation,year,1959,incidence_records,NA,count,integer,33,overall,overall
6,GiBleed,omop_table,observation,year,1960,incidence_records,NA,count,integer,32,overall,overall
6,GiBleed,omop_table,observation,year,1961,incidence_records,NA,count,integer,39,overall,overall
6,GiBleed,omop_table,observation,year,1962,incidence_records,NA,count,integer,40,overall,overall
6,GiBleed,omop_table,observation,year,1963,incidence_records,NA,count,integer,27,overall,overall
6,GiBleed,omop_table,observation,year,1964,incidence_records,NA,count,integer,29,overall,overall
6,GiBleed,omop_table,observation,year,1965,incidence_records,NA,count,integer,39,overall,overall
6,GiBleed,omop_table,observation,year,1966,incidence_records,NA,count,integer,30,overall,overall
6,GiBleed,omop_table,observation,year,1967,incidence_records,NA,count,integer,59,overall,overall
6,GiBleed,omop_table,observation,year,1968,incidence_records,NA,count,integer,15,overall,overall
6,GiBleed,omop_table,observation,year,1969,incidence_records,NA,count,integer,32,overall,overall
6,GiBleed,omop_table,observation,year,1970,incidence_records,NA,count,integer,32,overall,overall
6,GiBleed,omop_table,observation,year,1971,incidence_records,NA,count,integer,41,overall,overall
6,GiBleed,omop_table,observation,year,1972,incidence_records,NA,count,integer,43,overall,overall
6,GiBleed,omop_table,observation,year,1973,incidence_records,NA,count,integer,62,overall,overall
6,GiBleed,omop_table,observation,year,1974,incidence_records,NA,count,integer,43,overall,overall
6,GiBleed,omop_table,observation,year,1975,incidence_records,NA,count,integer,29,overall,overall
6,GiBleed,omop_table,observation,year,1976,incidence_records,NA,count,integer,43,overall,overall
6,GiBleed,omop_table,observation,year,1977,incidence_records,NA,count,integer,46,overall,overall
6,GiBleed,omop_table,observation,year,1978,incidence_records,NA,count,integer,61,overall,overall
6,GiBleed,omop_table,observation,year,1979,incidence_records,NA,count,integer,57,overall,overall
6,GiBleed,omop_table,observation,year,1980,incidence_records,NA,count,integer,NA,overall,overall
6,GiBleed,omop_table,observation,year,1981,incidence_records,NA,count,integer,10,overall,overall
6,GiBleed,omop_table,observation,year,1982,incidence_records,NA,count,integer,29,overall,overall
6,GiBleed,omop_table,observation,year,1983,incidence_records,NA,count,integer,20,overall,overall
6,GiBleed,omop_table,observation,year,1984,incidence_records,NA,count,integer,28,overall,overall
6,GiBleed,omop_table,observation,year,1985,incidence_records,NA,count,integer,10,overall,overall
6,GiBleed,omop_table,observation,year,1986,incidence_records,NA,count,integer,10,overall,overall
6,GiBleed,omop_table,observation,year,1987,incidence_records,NA,count,integer,9,overall,overall
6,GiBleed,omop_table,observation,year,1988,incidence_records,NA,count,integer,NA,overall,overall
6,GiBleed,omop_table,observation,year,1989,incidence_records,NA,count,integer,NA,overall,overall
6,GiBleed,omop_table,observation,year,1990,incidence_records,NA,count,integer,NA,overall,overall
6,GiBleed,omop_table,observation,year,1991,incidence_records,NA,count,integer,9,overall,overall
6,GiBleed,omop_table,observation,year,1992,incidence_records,NA,count,integer,NA,overall,overall
6,GiBleed,omop_table,observation,year,1993,incidence_records,NA,count,integer,NA,overall,overall
6,GiBleed,omop_table,observation,year,1994,incidence_records,NA,count,integer,NA,overall,overall
6,GiBleed,omop_table,observation,year,1995,incidence_records,NA,count,integer,8,overall,overall
6,GiBleed,omop_table,observation,year,1996,incidence_records,NA,count,integer,9,overall,overall
6,GiBleed,omop_table,observation,year,1997,incidence_records,NA,count,integer,9,overall,overall
6,GiBleed,omop_table,observation,year,1998,incidence_records,NA,count,integer,NA,overall,overall
6,GiBleed,omop_table,observation,year,1999,incidence_records,NA,count,integer,8,overall,overall
6,GiBleed,omop_table,observation,year,2000,incidence_records,NA,count,integer,NA,overall,overall
6,GiBleed,omop_table,observation,year,2001,incidence_records,NA,count,integer,11,overall,overall
6,GiBleed,omop_table,observation,year,2002,incidence_records,NA,count,integer,NA,overall,overall
6,GiBleed,omop_table,observation,year,2003,incidence_records,NA,count,integer,11,overall,overall
6,GiBleed,omop_table,observation,year,2004,incidence_records,NA,count,integer,NA,overall,overall
6,GiBleed,omop_table,observation,year,2005,incidence_records,NA,count,integer,12,overall,overall
6,GiBleed,omop_table,observation,year,2006,incidence_records,NA,count,integer,9,overall,overall
6,GiBleed,omop_table,observation,year,2007,incidence_records,NA,count,integer,8,overall,overall
6,GiBleed,omop_table,observation,year,2008,incidence_records,NA,count,integer,9,overall,overall
6,GiBleed,omop_table,observation,year,2009,incidence_records,NA,count,integer,NA,overall,overall
6,GiBleed,omop_table,observation,year,2010,incidence_records,NA,count,integer,13,overall,overall
6,GiBleed,omop_table,observation,year,2011,incidence_records,NA,count,integer,15,overall,overall
6,GiBleed,omop_table,observation,year,2012,incidence_records,NA,count,integer,8,overall,overall
6,GiBleed,omop_table,observation,year,2013,incidence_records,NA,count,integer,NA,overall,overall
6,GiBleed,omop_table,observation,year,2014,incidence_records,NA,count,integer,NA,overall,overall
6,GiBleed,omop_table,observation,year,2015,incidence_records,NA,count,integer,10,overall,overall
6,GiBleed,omop_table,observation,year,2016,incidence_records,NA,count,integer,NA,overall,overall
6,GiBleed,omop_table,observation,year,2017,incidence_records,NA,count,integer,11,overall,overall
6,GiBleed,omop_table,observation,year,2018,incidence_records,NA,count,integer,NA,overall,overall
6,GiBleed,omop_table,observation,year,2019,incidence_records,NA,count,integer,NA,overall,overall
