result_id,cdm_name,result_type,package_name,package_version,group_name,group_level,strata_name,strata_level,variable_name,variable_level,estimate_name,estimate_type,estimate_value,additional_name,additional_level
1,GiBleed,cdm_snapshot,omopgenerics,0.1.2,overall,overall,overall,overall,snapshot_date,NA,value,date,2024-05-15,overall,overall
1,GiBleed,cdm_snapshot,omopgenerics,0.1.2,overall,overall,overall,overall,person_count,NA,count,integer,2694,overall,overall
1,GiBleed,cdm_snapshot,omopgenerics,0.1.2,overall,overall,overall,overall,observation_period_count,NA,count,integer,2694,overall,overall
1,GiBleed,cdm_snapshot,omopgenerics,0.1.2,overall,overall,overall,overall,cdm,NA,source_name,character,Synthea synthetic health database,overall,overall
1,GiBleed,cdm_snapshot,omopgenerics,0.1.2,overall,overall,overall,overall,vocabulary,NA,version,character,v5.0 18-JAN-19,overall,overall
1,GiBleed,cdm_snapshot,omopgenerics,0.1.2,overall,overall,overall,overall,cdm,NA,version,character,v5.3.1,overall,overall
1,GiBleed,cdm_snapshot,omopgenerics,0.1.2,overall,overall,overall,overall,cdm,NA,holder_name,character,OHDSI Community,overall,overall
1,GiBleed,cdm_snapshot,omopgenerics,0.1.2,overall,overall,overall,overall,cdm,NA,release_date,character,2019-05-25,overall,overall
1,GiBleed,cdm_snapshot,omopgenerics,0.1.2,overall,overall,overall,overall,cdm,NA,description,character,"SyntheaTM is a Synthetic Patient Population Simulator. The goal is to output synthetic, realistic (but not real), patient data and associated health records in a variety of formats.",overall,overall
1,GiBleed,cdm_snapshot,omopgenerics,0.1.2,overall,overall,overall,overall,cdm,NA,documentation_reference,character,https://synthetichealth.github.io/synthea/,overall,overall
