result_id,cdm_name,result_type,package_name,package_version,group_name,group_level,strata_name,strata_level,variable_name,variable_level,estimate_name,estimate_type,estimate_value,additional_name,additional_level
1,GiBleed,summarised_overlap_counts,omopSketch,0.0.0,omop_table,observation_period,year,1908,overlap_records,NA,count,integer,NA,overall,overall
1,GiBleed,summarised_overlap_counts,omopSketch,0.0.0,omop_table,observation_period,year,1909,overlap_records,NA,count,integer,21,overall,overall
1,GiBleed,summarised_overlap_counts,omopSketch,0.0.0,omop_table,observation_period,year,1910,overlap_records,NA,count,integer,27,overall,overall
1,GiBleed,summarised_overlap_counts,omopSketch,0.0.0,omop_table,observation_period,year,1911,overlap_records,NA,count,integer,41,overall,overall
1,GiBleed,summarised_overlap_counts,omopSketch,0.0.0,omop_table,observation_period,year,1912,overlap_records,NA,count,integer,52,overall,overall
1,GiBleed,summarised_overlap_counts,omopSketch,0.0.0,omop_table,observation_period,year,1913,overlap_records,NA,count,integer,59,overall,overall
1,GiBleed,summarised_overlap_counts,omopSketch,0.0.0,omop_table,observation_period,year,1914,overlap_records,NA,count,integer,69,overall,overall
1,GiBleed,summarised_overlap_counts,omopSketch,0.0.0,omop_table,observation_period,year,1915,overlap_records,NA,count,integer,69,overall,overall
1,GiBleed,summarised_overlap_counts,omopSketch,0.0.0,omop_table,observation_period,year,1916,overlap_records,NA,count,integer,79,overall,overall
1,GiBleed,summarised_overlap_counts,omopSketch,0.0.0,omop_table,observation_period,year,1917,overlap_records,NA,count,integer,81,overall,overall
1,GiBleed,summarised_overlap_counts,omopSketch,0.0.0,omop_table,observation_period,year,1918,overlap_records,NA,count,integer,88,overall,overall
1,GiBleed,summarised_overlap_counts,omopSketch,0.0.0,omop_table,observation_period,year,1919,overlap_records,NA,count,integer,98,overall,overall
1,GiBleed,summarised_overlap_counts,omopSketch,0.0.0,omop_table,observation_period,year,1920,overlap_records,NA,count,integer,115,overall,overall
1,GiBleed,summarised_overlap_counts,omopSketch,0.0.0,omop_table,observation_period,year,1921,overlap_records,NA,count,integer,118,overall,overall
1,GiBleed,summarised_overlap_counts,omopSketch,0.0.0,omop_table,observation_period,year,1922,overlap_records,NA,count,integer,136,overall,overall
1,GiBleed,summarised_overlap_counts,omopSketch,0.0.0,omop_table,observation_period,year,1923,overlap_records,NA,count,integer,144,overall,overall
1,GiBleed,summarised_overlap_counts,omopSketch,0.0.0,omop_table,observation_period,year,1924,overlap_records,NA,count,integer,153,overall,overall
1,GiBleed,summarised_overlap_counts,omopSketch,0.0.0,omop_table,observation_period,year,1925,overlap_records,NA,count,integer,157,overall,overall
1,GiBleed,summarised_overlap_counts,omopSketch,0.0.0,omop_table,observation_period,year,1926,overlap_records,NA,count,integer,165,overall,overall
1,GiBleed,summarised_overlap_counts,omopSketch,0.0.0,omop_table,observation_period,year,1927,overlap_records,NA,count,integer,171,overall,overall
1,GiBleed,summarised_overlap_counts,omopSketch,0.0.0,omop_table,observation_period,year,1928,overlap_records,NA,count,integer,173,overall,overall
1,GiBleed,summarised_overlap_counts,omopSketch,0.0.0,omop_table,observation_period,year,1929,overlap_records,NA,count,integer,176,overall,overall
1,GiBleed,summarised_overlap_counts,omopSketch,0.0.0,omop_table,observation_period,year,1930,overlap_records,NA,count,integer,190,overall,overall
1,GiBleed,summarised_overlap_counts,omopSketch,0.0.0,omop_table,observation_period,year,1931,overlap_records,NA,count,integer,194,overall,overall
1,GiBleed,summarised_overlap_counts,omopSketch,0.0.0,omop_table,observation_period,year,1932,overlap_records,NA,count,integer,198,overall,overall
1,GiBleed,summarised_overlap_counts,omopSketch,0.0.0,omop_table,observation_period,year,1933,overlap_records,NA,count,integer,204,overall,overall
1,GiBleed,summarised_overlap_counts,omopSketch,0.0.0,omop_table,observation_period,year,1934,overlap_records,NA,count,integer,215,overall,overall
1,GiBleed,summarised_overlap_counts,omopSketch,0.0.0,omop_table,observation_period,year,1935,overlap_records,NA,count,integer,244,overall,overall
1,GiBleed,summarised_overlap_counts,omopSketch,0.0.0,omop_table,observation_period,year,1936,overlap_records,NA,count,integer,266,overall,overall
1,GiBleed,summarised_overlap_counts,omopSketch,0.0.0,omop_table,observation_period,year,1937,overlap_records,NA,count,integer,283,overall,overall
1,GiBleed,summarised_overlap_counts,omopSketch,0.0.0,omop_table,observation_period,year,1938,overlap_records,NA,count,integer,313,overall,overall
1,GiBleed,summarised_overlap_counts,omopSketch,0.0.0,omop_table,observation_period,year,1939,overlap_records,NA,count,integer,339,overall,overall
1,GiBleed,summarised_overlap_counts,omopSketch,0.0.0,omop_table,observation_period,year,1940,overlap_records,NA,count,integer,365,overall,overall
1,GiBleed,summarised_overlap_counts,omopSketch,0.0.0,omop_table,observation_period,year,1941,overlap_records,NA,count,integer,383,overall,overall
1,GiBleed,summarised_overlap_counts,omopSketch,0.0.0,omop_table,observation_period,year,1942,overlap_records,NA,count,integer,409,overall,overall
1,GiBleed,summarised_overlap_counts,omopSketch,0.0.0,omop_table,observation_period,year,1943,overlap_records,NA,count,integer,439,overall,overall
1,GiBleed,summarised_overlap_counts,omopSketch,0.0.0,omop_table,observation_period,year,1944,overlap_records,NA,count,integer,471,overall,overall
1,GiBleed,summarised_overlap_counts,omopSketch,0.0.0,omop_table,observation_period,year,1945,overlap_records,NA,count,integer,508,overall,overall
1,GiBleed,summarised_overlap_counts,omopSketch,0.0.0,omop_table,observation_period,year,1946,overlap_records,NA,count,integer,543,overall,overall
1,GiBleed,summarised_overlap_counts,omopSketch,0.0.0,omop_table,observation_period,year,1947,overlap_records,NA,count,integer,582,overall,overall
1,GiBleed,summarised_overlap_counts,omopSketch,0.0.0,omop_table,observation_period,year,1948,overlap_records,NA,count,integer,615,overall,overall
1,GiBleed,summarised_overlap_counts,omopSketch,0.0.0,omop_table,observation_period,year,1949,overlap_records,NA,count,integer,655,overall,overall
1,GiBleed,summarised_overlap_counts,omopSketch,0.0.0,omop_table,observation_period,year,1950,overlap_records,NA,count,integer,709,overall,overall
1,GiBleed,summarised_overlap_counts,omopSketch,0.0.0,omop_table,observation_period,year,1951,overlap_records,NA,count,integer,772,overall,overall
1,GiBleed,summarised_overlap_counts,omopSketch,0.0.0,omop_table,observation_period,year,1952,overlap_records,NA,count,integer,827,overall,overall
1,GiBleed,summarised_overlap_counts,omopSketch,0.0.0,omop_table,observation_period,year,1953,overlap_records,NA,count,integer,873,overall,overall
1,GiBleed,summarised_overlap_counts,omopSketch,0.0.0,omop_table,observation_period,year,1954,overlap_records,NA,count,integer,934,overall,overall
1,GiBleed,summarised_overlap_counts,omopSketch,0.0.0,omop_table,observation_period,year,1955,overlap_records,NA,count,integer,995,overall,overall
1,GiBleed,summarised_overlap_counts,omopSketch,0.0.0,omop_table,observation_period,year,1956,overlap_records,NA,count,integer,1064,overall,overall
1,GiBleed,summarised_overlap_counts,omopSketch,0.0.0,omop_table,observation_period,year,1957,overlap_records,NA,count,integer,1112,overall,overall
1,GiBleed,summarised_overlap_counts,omopSketch,0.0.0,omop_table,observation_period,year,1958,overlap_records,NA,count,integer,1180,overall,overall
1,GiBleed,summarised_overlap_counts,omopSketch,0.0.0,omop_table,observation_period,year,1959,overlap_records,NA,count,integer,1250,overall,overall
1,GiBleed,summarised_overlap_counts,omopSketch,0.0.0,omop_table,observation_period,year,1960,overlap_records,NA,count,integer,1329,overall,overall
1,GiBleed,summarised_overlap_counts,omopSketch,0.0.0,omop_table,observation_period,year,1961,overlap_records,NA,count,integer,1411,overall,overall
1,GiBleed,summarised_overlap_counts,omopSketch,0.0.0,omop_table,observation_period,year,1962,overlap_records,NA,count,integer,1471,overall,overall
1,GiBleed,summarised_overlap_counts,omopSketch,0.0.0,omop_table,observation_period,year,1963,overlap_records,NA,count,integer,1555,overall,overall
1,GiBleed,summarised_overlap_counts,omopSketch,0.0.0,omop_table,observation_period,year,1964,overlap_records,NA,count,integer,1623,overall,overall
1,GiBleed,summarised_overlap_counts,omopSketch,0.0.0,omop_table,observation_period,year,1965,overlap_records,NA,count,integer,1690,overall,overall
1,GiBleed,summarised_overlap_counts,omopSketch,0.0.0,omop_table,observation_period,year,1966,overlap_records,NA,count,integer,1757,overall,overall
1,GiBleed,summarised_overlap_counts,omopSketch,0.0.0,omop_table,observation_period,year,1967,overlap_records,NA,count,integer,1828,overall,overall
1,GiBleed,summarised_overlap_counts,omopSketch,0.0.0,omop_table,observation_period,year,1968,overlap_records,NA,count,integer,1896,overall,overall
1,GiBleed,summarised_overlap_counts,omopSketch,0.0.0,omop_table,observation_period,year,1969,overlap_records,NA,count,integer,1968,overall,overall
1,GiBleed,summarised_overlap_counts,omopSketch,0.0.0,omop_table,observation_period,year,1970,overlap_records,NA,count,integer,2042,overall,overall
1,GiBleed,summarised_overlap_counts,omopSketch,0.0.0,omop_table,observation_period,year,1971,overlap_records,NA,count,integer,2121,overall,overall
1,GiBleed,summarised_overlap_counts,omopSketch,0.0.0,omop_table,observation_period,year,1972,overlap_records,NA,count,integer,2208,overall,overall
1,GiBleed,summarised_overlap_counts,omopSketch,0.0.0,omop_table,observation_period,year,1973,overlap_records,NA,count,integer,2271,overall,overall
1,GiBleed,summarised_overlap_counts,omopSketch,0.0.0,omop_table,observation_period,year,1974,overlap_records,NA,count,integer,2331,overall,overall
1,GiBleed,summarised_overlap_counts,omopSketch,0.0.0,omop_table,observation_period,year,1975,overlap_records,NA,count,integer,2377,overall,overall
1,GiBleed,summarised_overlap_counts,omopSketch,0.0.0,omop_table,observation_period,year,1976,overlap_records,NA,count,integer,2425,overall,overall
1,GiBleed,summarised_overlap_counts,omopSketch,0.0.0,omop_table,observation_period,year,1977,overlap_records,NA,count,integer,2483,overall,overall
1,GiBleed,summarised_overlap_counts,omopSketch,0.0.0,omop_table,observation_period,year,1978,overlap_records,NA,count,integer,2529,overall,overall
1,GiBleed,summarised_overlap_counts,omopSketch,0.0.0,omop_table,observation_period,year,1979,overlap_records,NA,count,integer,2564,overall,overall
1,GiBleed,summarised_overlap_counts,omopSketch,0.0.0,omop_table,observation_period,year,1980,overlap_records,NA,count,integer,2602,overall,overall
1,GiBleed,summarised_overlap_counts,omopSketch,0.0.0,omop_table,observation_period,year,1981,overlap_records,NA,count,integer,2634,overall,overall
1,GiBleed,summarised_overlap_counts,omopSketch,0.0.0,omop_table,observation_period,year,1982,overlap_records,NA,count,integer,2653,overall,overall
1,GiBleed,summarised_overlap_counts,omopSketch,0.0.0,omop_table,observation_period,year,1983,overlap_records,NA,count,integer,2667,overall,overall
1,GiBleed,summarised_overlap_counts,omopSketch,0.0.0,omop_table,observation_period,year,1984,overlap_records,NA,count,integer,2676,overall,overall
1,GiBleed,summarised_overlap_counts,omopSketch,0.0.0,omop_table,observation_period,year,1985,overlap_records,NA,count,integer,2679,overall,overall
1,GiBleed,summarised_overlap_counts,omopSketch,0.0.0,omop_table,observation_period,year,1986,overlap_records,NA,count,integer,2680,overall,overall
1,GiBleed,summarised_overlap_counts,omopSketch,0.0.0,omop_table,observation_period,year,1987,overlap_records,NA,count,integer,2680,overall,overall
1,GiBleed,summarised_overlap_counts,omopSketch,0.0.0,omop_table,observation_period,year,1988,overlap_records,NA,count,integer,2677,overall,overall
1,GiBleed,summarised_overlap_counts,omopSketch,0.0.0,omop_table,observation_period,year,1989,overlap_records,NA,count,integer,2675,overall,overall
1,GiBleed,summarised_overlap_counts,omopSketch,0.0.0,omop_table,observation_period,year,1990,overlap_records,NA,count,integer,2675,overall,overall
1,GiBleed,summarised_overlap_counts,omopSketch,0.0.0,omop_table,observation_period,year,1991,overlap_records,NA,count,integer,2672,overall,overall
1,GiBleed,summarised_overlap_counts,omopSketch,0.0.0,omop_table,observation_period,year,1992,overlap_records,NA,count,integer,2670,overall,overall
1,GiBleed,summarised_overlap_counts,omopSketch,0.0.0,omop_table,observation_period,year,1993,overlap_records,NA,count,integer,2666,overall,overall
1,GiBleed,summarised_overlap_counts,omopSketch,0.0.0,omop_table,observation_period,year,1994,overlap_records,NA,count,integer,2662,overall,overall
1,GiBleed,summarised_overlap_counts,omopSketch,0.0.0,omop_table,observation_period,year,1995,overlap_records,NA,count,integer,2655,overall,overall
1,GiBleed,summarised_overlap_counts,omopSketch,0.0.0,omop_table,observation_period,year,1996,overlap_records,NA,count,integer,2652,overall,overall
1,GiBleed,summarised_overlap_counts,omopSketch,0.0.0,omop_table,observation_period,year,1997,overlap_records,NA,count,integer,2644,overall,overall
1,GiBleed,summarised_overlap_counts,omopSketch,0.0.0,omop_table,observation_period,year,1998,overlap_records,NA,count,integer,2640,overall,overall
1,GiBleed,summarised_overlap_counts,omopSketch,0.0.0,omop_table,observation_period,year,1999,overlap_records,NA,count,integer,2632,overall,overall
1,GiBleed,summarised_overlap_counts,omopSketch,0.0.0,omop_table,observation_period,year,2000,overlap_records,NA,count,integer,2625,overall,overall
1,GiBleed,summarised_overlap_counts,omopSketch,0.0.0,omop_table,observation_period,year,2001,overlap_records,NA,count,integer,2620,overall,overall
1,GiBleed,summarised_overlap_counts,omopSketch,0.0.0,omop_table,observation_period,year,2002,overlap_records,NA,count,integer,2610,overall,overall
1,GiBleed,summarised_overlap_counts,omopSketch,0.0.0,omop_table,observation_period,year,2003,overlap_records,NA,count,integer,2600,overall,overall
1,GiBleed,summarised_overlap_counts,omopSketch,0.0.0,omop_table,observation_period,year,2004,overlap_records,NA,count,integer,2596,overall,overall
1,GiBleed,summarised_overlap_counts,omopSketch,0.0.0,omop_table,observation_period,year,2005,overlap_records,NA,count,integer,2594,overall,overall
1,GiBleed,summarised_overlap_counts,omopSketch,0.0.0,omop_table,observation_period,year,2006,overlap_records,NA,count,integer,2586,overall,overall
1,GiBleed,summarised_overlap_counts,omopSketch,0.0.0,omop_table,observation_period,year,2007,overlap_records,NA,count,integer,2571,overall,overall
1,GiBleed,summarised_overlap_counts,omopSketch,0.0.0,omop_table,observation_period,year,2008,overlap_records,NA,count,integer,2564,overall,overall
1,GiBleed,summarised_overlap_counts,omopSketch,0.0.0,omop_table,observation_period,year,2009,overlap_records,NA,count,integer,2560,overall,overall
1,GiBleed,summarised_overlap_counts,omopSketch,0.0.0,omop_table,observation_period,year,2010,overlap_records,NA,count,integer,2556,overall,overall
1,GiBleed,summarised_overlap_counts,omopSketch,0.0.0,omop_table,observation_period,year,2011,overlap_records,NA,count,integer,2548,overall,overall
1,GiBleed,summarised_overlap_counts,omopSketch,0.0.0,omop_table,observation_period,year,2012,overlap_records,NA,count,integer,2540,overall,overall
1,GiBleed,summarised_overlap_counts,omopSketch,0.0.0,omop_table,observation_period,year,2013,overlap_records,NA,count,integer,2529,overall,overall
1,GiBleed,summarised_overlap_counts,omopSketch,0.0.0,omop_table,observation_period,year,2014,overlap_records,NA,count,integer,2520,overall,overall
1,GiBleed,summarised_overlap_counts,omopSketch,0.0.0,omop_table,observation_period,year,2015,overlap_records,NA,count,integer,2511,overall,overall
1,GiBleed,summarised_overlap_counts,omopSketch,0.0.0,omop_table,observation_period,year,2016,overlap_records,NA,count,integer,2503,overall,overall
1,GiBleed,summarised_overlap_counts,omopSketch,0.0.0,omop_table,observation_period,year,2017,overlap_records,NA,count,integer,2480,overall,overall
1,GiBleed,summarised_overlap_counts,omopSketch,0.0.0,omop_table,observation_period,year,2018,overlap_records,NA,count,integer,2338,overall,overall
1,GiBleed,summarised_overlap_counts,omopSketch,0.0.0,omop_table,observation_period,year,2019,overlap_records,NA,count,integer,1244,overall,overall
